read	variant	node	allele	node_u	pos_l_1	pos_l_2	pos_u_1	pos_u_2
1cd2c415-ce75-4013-a7de-d18aea1b3bab	FUS_827	827	NA	NA	NA	NA	NA	NA
1cd2c415-ce75-4013-a7de-d18aea1b3bab	27194_293-13C>G_NA	812	alt	NA	NA	NA	NA	NA
a52f8408-b970-4c91-a232-9e26223da1eb	FUS_827	827	NA	NA	NA	NA	NA	NA
a52f8408-b970-4c91-a232-9e26223da1eb	27194_293-13C>G_NA	812	alt	NA	NA	NA	NA	NA
d0e868ec-24cb-4e08-9988-0f6d262ce941	FUS_827	827	NA	NA	NA	NA	NA	NA
d0e868ec-24cb-4e08-9988-0f6d262ce941	27194_293-13C>G_NA	812	alt	NA	NA	NA	NA	NA
37a40312-8e66-4944-9a8e-a96a0b046d25	FUS_827	827	NA	NA	NA	NA	NA	NA
37a40312-8e66-4944-9a8e-a96a0b046d25	27194_293-13C>G_NA	812	alt	NA	NA	NA	NA	NA
c66dc6f9-8d14-479b-9a07-48afea1015df	FUS_827	827	NA	NA	NA	NA	NA	NA
c66dc6f9-8d14-479b-9a07-48afea1015df	27194_293-13C>G_NA	812	alt	NA	NA	NA	NA	NA
01fa0415-b733-42cf-bdb3-58434e841eff	FUS_827	827	NA	NA	NA	NA	NA	NA
01fa0415-b733-42cf-bdb3-58434e841eff	27194_293-13C>G_NA	812	alt	NA	NA	NA	NA	NA
8470fa11-8840-4abb-b386-e04a5058d182	FUS_827	827	NA	NA	NA	NA	NA	NA
8470fa11-8840-4abb-b386-e04a5058d182	27194_293-13C>G_NA	812	alt	NA	NA	NA	NA	NA
a0f062d9-db85-429e-8ae6-737f02d42b92	FUS_827	827	NA	NA	NA	NA	NA	NA
a0f062d9-db85-429e-8ae6-737f02d42b92	27194_293-13C>G_NA	812	alt	NA	NA	NA	NA	NA
809c0bec-6a34-4a5d-980b-f9736d1f4b34	FUS_827	827	NA	NA	NA	NA	NA	NA
809c0bec-6a34-4a5d-980b-f9736d1f4b34	27194_293-13C>G_NA	812	alt	NA	NA	NA	NA	NA
86e78dc4-dfa4-40df-b66d-3fcabedfa5ca	FUS_827	827	NA	NA	NA	NA	NA	NA
86e78dc4-dfa4-40df-b66d-3fcabedfa5ca	27194_293-13C>G_NA	812	alt	NA	NA	NA	NA	NA
16dda40d-9d39-47b7-a406-a50764a77214	FUS_827	827	NA	NA	NA	NA	NA	NA
16dda40d-9d39-47b7-a406-a50764a77214	27194_293-13C>G_NA	812	alt	NA	NA	NA	NA	NA
14c19bc6-3f4c-4d68-ba3c-cc251c371d9c	FUS_827	827	NA	NA	NA	NA	NA	NA
14c19bc6-3f4c-4d68-ba3c-cc251c371d9c	27194_293-13C>G_NA	812	alt	NA	NA	NA	NA	NA
7260b1ab-bb22-4141-ace7-209be552caa3	FUS_827	827	NA	NA	NA	NA	NA	NA
7260b1ab-bb22-4141-ace7-209be552caa3	27194_293-13C>G_NA	812	alt	NA	NA	NA	NA	NA
ff983d87-2583-436c-814d-774a2a9dfe00	FUS_827	827	NA	NA	NA	NA	NA	NA
ff983d87-2583-436c-814d-774a2a9dfe00	27194_293-13C>G_NA	812	alt	NA	NA	NA	NA	NA
b4ed0240-ad91-4ab4-a7b7-9fcbe5b0b843	FUS_827	827	NA	NA	NA	NA	NA	NA
b4ed0240-ad91-4ab4-a7b7-9fcbe5b0b843	27194_293-13C>G_NA	812	alt	NA	NA	NA	NA	NA
9d780dc8-368c-48b2-ba57-fb09096ff118	FUS_827	827	NA	NA	NA	NA	NA	NA
9d780dc8-368c-48b2-ba57-fb09096ff118	27194_293-13C>G_NA	812	alt	NA	NA	NA	NA	NA
bb2d04ca-e569-4fd8-9de2-f35f66f46b44	FUS_827	827	NA	NA	NA	NA	NA	NA
bb2d04ca-e569-4fd8-9de2-f35f66f46b44	27194_293-13C>G_NA	812	alt	NA	NA	NA	NA	NA
b96f49a1-8576-4c90-92c9-ea6ed4815705	FUS_827	827	NA	NA	NA	NA	NA	NA
b96f49a1-8576-4c90-92c9-ea6ed4815705	27194_293-13C>G_NA	812	alt	NA	NA	NA	NA	NA
294573be-87c2-4d01-8c5e-cd5459eeecab	FUS_827	827	NA	NA	NA	NA	NA	NA
294573be-87c2-4d01-8c5e-cd5459eeecab	27194_293-13C>G_NA	812	alt	NA	NA	NA	NA	NA
9c27990f-499a-495a-bedc-6d5fb4d88227	FUS_827	827	NA	NA	NA	NA	NA	NA
9c27990f-499a-495a-bedc-6d5fb4d88227	27194_293-13C>G_NA	812	alt	NA	NA	NA	NA	NA
ba0da7fc-3432-4d26-818d-cd5b54d687b2	FUS_827	827	NA	NA	NA	NA	NA	NA
ba0da7fc-3432-4d26-818d-cd5b54d687b2	27194_293-13C>G_NA	812	alt	NA	NA	NA	NA	NA
afcffa6c-9047-442a-b84b-ead058e0a099	FUS_827	827	NA	NA	NA	NA	NA	NA
afcffa6c-9047-442a-b84b-ead058e0a099	27194_293-13C>G_NA	812	alt	NA	NA	NA	NA	NA
92391a64-973c-4965-bc4c-cc3d2b4451a0	FUS_827	827	NA	NA	NA	NA	NA	NA
92391a64-973c-4965-bc4c-cc3d2b4451a0	27194_293-13C>G_NA	812	alt	NA	NA	NA	NA	NA
fcb88842-9409-4bde-afcc-d9479f97795c	FUS_827	827	NA	NA	NA	NA	NA	NA
fcb88842-9409-4bde-afcc-d9479f97795c	27194_293-13C>G_NA	812	alt	NA	NA	NA	NA	NA
9e57f8ba-2afe-4dfa-b112-5907521edf4b	FUS_827	827	NA	NA	NA	NA	NA	NA
9e57f8ba-2afe-4dfa-b112-5907521edf4b	27194_293-13C>G_NA	812	alt	NA	NA	NA	NA	NA
4b57ea93-371d-4228-9775-7107b5701bb4	FUS_827	827	NA	NA	NA	NA	NA	NA
4b57ea93-371d-4228-9775-7107b5701bb4	27194_293-13C>G_NA	812	alt	NA	NA	NA	NA	NA
6d82bc2e-08c5-4736-befc-655b78f62fac	FUS_827	827	NA	NA	NA	NA	NA	NA
6d82bc2e-08c5-4736-befc-655b78f62fac	27194_293-13C>G_NA	812	alt	NA	NA	NA	NA	NA
adc63542-6aa7-424b-8c4c-af4654fd5692	FUS_827	827	NA	NA	NA	NA	NA	NA
adc63542-6aa7-424b-8c4c-af4654fd5692	27194_293-13C>G_NA	812	alt	NA	NA	NA	NA	NA
5424193d-3fe8-4229-b468-3ad4d87e2ee8	FUS_827	827	NA	NA	NA	NA	NA	NA
5424193d-3fe8-4229-b468-3ad4d87e2ee8	27194_293-13C>G_NA	812	alt	NA	NA	NA	NA	NA
35979a7f-0392-46ed-8a90-98a8932c0982	FUS_827	827	NA	NA	NA	NA	NA	NA
35979a7f-0392-46ed-8a90-98a8932c0982	27194_293-13C>G_NA	812	alt	NA	NA	NA	NA	NA
5559abc9-9a05-4c99-9dc0-730f79fe42dd	FUS_827	827	NA	NA	NA	NA	NA	NA
5559abc9-9a05-4c99-9dc0-730f79fe42dd	27194_293-13C>G_NA	812	alt	NA	NA	NA	NA	NA
59822278-4007-44b9-9e83-0da4f839ed9e	FUS_827	827	alt	844	32006407	32039144	32006579	32039426
59822278-4007-44b9-9e83-0da4f839ed9e	27194_293-13C>G_NA	812	NA	NA	NA	NA	NA	NA
b88f7764-1081-4b5f-94a9-c75e38125433	FUS_827	827	alt	844	32006407	32039144	32006579	32039426
b88f7764-1081-4b5f-94a9-c75e38125433	27194_293-13C>G_NA	812	NA	NA	NA	NA	NA	NA
f29f363e-80ac-47ca-89fb-628f523231c3	FUS_827	827	alt	844	32006407	32039144	32006579	32039426
f29f363e-80ac-47ca-89fb-628f523231c3	27194_293-13C>G_NA	812	NA	NA	NA	NA	NA	NA
a1280715-581b-4b62-a7ad-fb3bace475e4	FUS_827	827	alt	844	32006407	32039144	32006579	32039426
a1280715-581b-4b62-a7ad-fb3bace475e4	27194_293-13C>G_NA	812	NA	NA	NA	NA	NA	NA
89adadea-8904-4df5-851f-bfccbd9a05a2	FUS_827	827	alt	844	32006407	32039144	32006579	32039426
89adadea-8904-4df5-851f-bfccbd9a05a2	27194_293-13C>G_NA	812	NA	NA	NA	NA	NA	NA
5ea48703-8ded-4ced-ac43-346fb0555117	FUS_827	827	alt	844	32006407	32039144	32006579	32039426
5ea48703-8ded-4ced-ac43-346fb0555117	27194_293-13C>G_NA	812	NA	NA	NA	NA	NA	NA
dabbaa00-11aa-4661-b52f-9b4c59eadd35	FUS_827	827	alt	844	32006407	32039144	32006579	32039426
dabbaa00-11aa-4661-b52f-9b4c59eadd35	27194_293-13C>G_NA	812	NA	NA	NA	NA	NA	NA
d4fde5d0-aea3-46f7-a51f-df55a21de03a	FUS_827	827	alt	844	32006407	32039144	32006579	32039426
d4fde5d0-aea3-46f7-a51f-df55a21de03a	27194_293-13C>G_NA	812	NA	NA	NA	NA	NA	NA
6a9c30c0-fdac-4eb5-bfd5-922b33cab370	FUS_827	827	alt	844	32006407	32039144	32006579	32039426
6a9c30c0-fdac-4eb5-bfd5-922b33cab370	27194_293-13C>G_NA	812	NA	NA	NA	NA	NA	NA
5129da79-8883-482f-bc8e-972e08419a7a	FUS_827	827	alt	844	32006407	32039144	32006579	32039426
5129da79-8883-482f-bc8e-972e08419a7a	27194_293-13C>G_NA	812	NA	NA	NA	NA	NA	NA
0717cd26-0b99-4b9a-a7c3-4ded91443c84	FUS_827	827	alt	844	32006407	32039144	32006579	32039426
0717cd26-0b99-4b9a-a7c3-4ded91443c84	27194_293-13C>G_NA	812	NA	NA	NA	NA	NA	NA
f51ab8a4-9558-4b6d-a520-90d15379b661	FUS_827	827	alt	844	32006407	32039144	32006579	32039426
f51ab8a4-9558-4b6d-a520-90d15379b661	27194_293-13C>G_NA	812	NA	NA	NA	NA	NA	NA
a357ff55-9b88-4839-ab39-e3142f204c3c	FUS_827	827	alt	844	32006407	32039144	32006579	32039426
a357ff55-9b88-4839-ab39-e3142f204c3c	27194_293-13C>G_NA	812	NA	NA	NA	NA	NA	NA
7b19d147-597b-47ee-ad56-f8e2f1d3529b	FUS_827	827	alt	844	32006407	32039144	32006579	32039426
7b19d147-597b-47ee-ad56-f8e2f1d3529b	27194_293-13C>G_NA	812	NA	NA	NA	NA	NA	NA
047eacef-e4c6-4889-96ee-bbf088ae59cc	FUS_827	827	alt	844	32006407	32039144	32006579	32039426
047eacef-e4c6-4889-96ee-bbf088ae59cc	27194_293-13C>G_NA	812	NA	NA	NA	NA	NA	NA
265fd1a0-69fd-4bc2-8c8b-38c9438386d6	FUS_827	827	alt	844	32006407	32039144	32006579	32039426
265fd1a0-69fd-4bc2-8c8b-38c9438386d6	27194_293-13C>G_NA	812	NA	NA	NA	NA	NA	NA
d41d8502-bec0-4d0d-a01d-160e142df119	FUS_827	827	NA	NA	NA	NA	NA	NA
d41d8502-bec0-4d0d-a01d-160e142df119	27194_293-13C>G_NA	812	NA	NA	NA	NA	NA	NA
e55fcfc0-9d10-443b-993f-48798bf3034b	FUS_827	827	NA	NA	NA	NA	NA	NA
e55fcfc0-9d10-443b-993f-48798bf3034b	27194_293-13C>G_NA	812	NA	NA	NA	NA	NA	NA
026dba23-95b0-4630-8ddb-54a05b2a61fa	FUS_827	827	NA	NA	NA	NA	NA	NA
026dba23-95b0-4630-8ddb-54a05b2a61fa	27194_293-13C>G_NA	812	NA	NA	NA	NA	NA	NA
