HG00621.1	HG00621#1#JAHBCD010000020.1:24383775-24410267	c2_HG00621.1
HG00621.1	HG00621#1#JAHBCD010000020.1:24410261-24443005	c1_HG00621.1
HG00621.2	HG00621#2#JAHBCC010000005.1:31931339-31964100	c1_HG00621.2
HG00621.2	HG00621#2#JAHBCC010000005.1:31963904-31996952	c2_HG00621.2
HG00673.1	HG00673#1#JAHBBZ010000030.1:31844392-31877153	c1_HG00673.1
HG00673.1	HG00673#1#JAHBBZ010000030.1:31876957-31910007	c2_HG00673.1
HG00673.2	HG00673#2#JAHBBY010000031.1:558157-590917	c1_HG00673.2
HG00673.2	HG00673#2#JAHBBY010000031.1:590721-617405	c2_HG00673.2
HG00733.1	HG00733#1#JAHEPQ010000070.1:31951940-31984701	c1_HG00733.1
HG00733.1	HG00733#1#JAHEPQ010000070.1:31984505-32017553	c2_HG00733.1
HG00735.1	HG00735#1#JAHBCH010000013.1:32037773-32070533	c1_HG00735.1
HG00735.1	HG00735#1#JAHBCH010000013.1:32070337-32097014	c2_HG00735.1
HG00735.2	HG00735#2#JAHBCG010000038.1:3325499-3358258	c1_HG00735.2
HG00735.2	HG00735#2#JAHBCG010000038.1:3358062-3384746	c2_HG00735.2
HG00741.1	HG00741#1#JAHALY010000025.1:24278036-24304530	c2_HG00741.1
HG00741.1	HG00741#1#JAHALY010000025.1:24304524-24337267	c1_HG00741.1
HG00741.2	HG00741#2#JAHALX010000077.1:26561435-26587927	c2_HG00741.2
HG00741.2	HG00741#2#JAHALX010000077.1:26587921-26620662	c1_HG00741.2
HG01071.1	HG01071#1#JAHBCF010000017.1:715698-742189	c2_HG01071.1
HG01071.1	HG01071#1#JAHBCF010000017.1:742183-774925	c1_HG01071.1
HG01109.2	HG01109#2#JAHEOZ010000001.1:28478799-28505293	c2_HG01109.2
HG01109.2	HG01109#2#JAHEOZ010000001.1:28505287-28538029	c1_HG01109.2
HG01123.1	HG01123#1#JAGYYZ010000057.1:26931929-26964789	c2_HG01123.1
HG01123.1	HG01123#1#JAGYYZ010000057.1:26964783-26997528	c1_HG01123.1
HG01123.2	HG01123#2#JAGYYY010000050.1:31963454-31996214	c1_HG01123.2
HG01123.2	HG01123#2#JAGYYY010000050.1:31996018-32029068	c2_HG01123.2
HG01175.1	HG01175#1#JAHAMA010000069.1:7891645-7924505	c2_HG01175.1
HG01175.1	HG01175#1#JAHAMA010000069.1:7924499-7957243	c1_HG01175.1
HG01175.2	HG01175#2#JAHALZ010000032.1:24297983-24324475	c2_HG01175.2
HG01175.2	HG01175#2#JAHALZ010000032.1:24324469-24357211	c1_HG01175.2
HG01243.1	HG01243#1#JAHEOY010000117.1:3260638-3293401	c1_HG01243.1
HG01243.1	HG01243#1#JAHEOY010000117.1:3293205-3319889	c2_HG01243.1
HG01243.2	HG01243#2#JAHEOX010000097.1:27565655-27598515	c2_HG01243.2
HG01243.2	HG01243#2#JAHEOX010000097.1:27598509-27631251	c1_HG01243.2
HG01258.1	HG01258#1#JAGYYV010000066.1:28087907-28114399	c2_HG01258.1
HG01258.1	HG01258#1#JAGYYV010000066.1:28114393-28147136	c1_HG01258.1
HG01258.2	HG01258#2#JAGYYU010000011.1:27163078-27189570	c2_HG01258.2
HG01258.2	HG01258#2#JAGYYU010000011.1:27189564-27222305	c1_HG01258.2
HG01358.2	HG01358#2#JAGYZA010000082.1:7870942-7897432	c2_HG01358.2
HG01358.2	HG01358#2#JAGYZA010000082.1:7897426-7930170	c1_HG01358.2
HG01361.1	HG01361#1#JAGYYX010000108.1:7857655-7884148	c2_HG01361.1
HG01361.1	HG01361#1#JAGYYX010000108.1:7884142-7916886	c1_HG01361.1
HG01361.2	HG01361#2#JAGYYW010000059.1:31991774-32024534	c1_HG01361.2
HG01361.2	HG01361#2#JAGYYW010000059.1:32024338-32051022	c2_HG01361.2
HG01891.1	HG01891#1#JAGYVO010000024.1:26903426-26929919	c2_HG01891.1
HG01891.1	HG01891#1#JAGYVO010000024.1:26929913-26962658	c1_HG01891.1
HG01891.2	HG01891#2#JAGYVN010000027.1:28038820-28065314	c2_HG01891.2
HG01891.2	HG01891#2#JAGYVN010000027.1:28065308-28098050	c1_HG01891.2
HG01928.1	HG01928#1#JAGYVQ010000020.1:28403142-28435999	c2_HG01928.1
HG01928.1	HG01928#1#JAGYVQ010000020.1:28435993-28468737	c1_HG01928.1
HG01928.2	HG01928#2#JAGYVP010000017.1:31916022-31948903	c1_HG01928.2
HG01928.2	HG01928#2#JAGYVP010000017.1:31948707-31981754	c2_HG01928.2
HG01952.2	HG01952#2#JAHAMD010000016.1:31983300-32016060	c1_HG01952.2
HG01952.2	HG01952#2#JAHAMD010000016.1:32015864-32042547	c2_HG01952.2
HG01978.1	HG01978#1#JAGYVS010000035.1:31982204-32014963	c1_HG01978.1
HG01978.1	HG01978#1#JAGYVS010000035.1:32014767-32041444	c2_HG01978.1
HG02055.1	HG02055#1#JAHEPK010000074.1:3315314-3348076	c1_HG02055.1
HG02055.1	HG02055#1#JAHEPK010000074.1:3347880-3374563	c2_HG02055.1
HG02080.2	HG02080#2#JAHEOV010000002.1:24398743-24425237	c2_HG02080.2
HG02080.2	HG02080#2#JAHEOV010000002.1:24425231-24457977	c1_HG02080.2
HG02109.1	HG02109#1#JAHEPG010000124.1:3210705-3243466	c1_HG02109.1
HG02109.1	HG02109#1#JAHEPG010000124.1:3243270-3269952	c2_HG02109.1
HG02109.2	HG02109#2#JAHEPF010000055.1:2309509-2336003	c2_HG02109.2
HG02109.2	HG02109#2#JAHEPF010000055.1:2335997-2368739	c1_HG02109.2
HG02145.2	HG02145#2#JAHKSF010000005.1:3325286-3358047	c1_HG02145.2
HG02145.2	HG02145#2#JAHKSF010000005.1:3357851-3384534	c2_HG02145.2
HG02148.1	HG02148#1#JAHAMG010000076.1:24056518-24083011	c2_HG02148.1
HG02148.1	HG02148#1#JAHAMG010000076.1:24083005-24109382	c1_HG02148.1
HG02257.1	HG02257#1#JAGYVI010000022.1:28399266-28432126	c2_HG02257.1
HG02257.1	HG02257#1#JAGYVI010000022.1:28432120-28464862	c1_HG02257.1
HG02257.2	HG02257#2#JAGYVH010000080.1:5234680-5267438	c1_HG02257.2
HG02257.2	HG02257#2#JAGYVH010000080.1:5267242-5293924	c2_HG02257.2
HG02486.1	HG02486#1#JAGYVM010000005.1:27345521-27372015	c2_HG02486.1
HG02486.1	HG02486#1#JAGYVM010000005.1:27372009-27404755	c1_HG02486.1
HG02486.2	HG02486#2#JAGYVL010000026.1:31935005-31967766	c1_HG02486.2
HG02486.2	HG02486#2#JAGYVL010000026.1:31967570-31994253	c2_HG02486.2
HG02559.1	HG02559#1#JAGYVK010000047.1:31982891-32015652	c1_HG02559.1
HG02559.1	HG02559#1#JAGYVK010000047.1:32015456-32048503	c2_HG02559.1
HG02559.2	HG02559#2#JAGYVJ010000064.1:31939247-31972008	c1_HG02559.2
HG02559.2	HG02559#2#JAGYVJ010000064.1:31971812-32004862	c2_HG02559.2
HG02572.1	HG02572#1#JAHAOW010000052.1:1097508-1124000	c2_HG02572.1
HG02572.1	HG02572#1#JAHAOW010000052.1:1123994-1156740	c1_HG02572.1
HG02630.1	HG02630#1#JAHAOQ010000088.1:16906722-16933216	c2_HG02630.1
HG02630.1	HG02630#1#JAHAOQ010000088.1:16933210-16965956	c1_HG02630.1
HG02630.2	HG02630#2#JAHAOP010000058.1:24156534-24183026	c2_HG02630.2
HG02630.2	HG02630#2#JAHAOP010000058.1:24183020-24215761	c1_HG02630.2
HG02717.1	HG02717#1#JAHAOS010000073.1:5238038-5270797	c1_HG02717.1
HG02717.1	HG02717#1#JAHAOS010000073.1:5270601-5297285	c2_HG02717.1
HG02723.1	HG02723#1#JAHEOU010000100.1:4874432-4907192	c1_HG02723.1
HG02723.1	HG02723#1#JAHEOU010000100.1:4906996-4933679	c2_HG02723.1
HG02723.2	HG02723#2#JAHEOT010000107.1:24171467-24197961	c2_HG02723.2
HG02723.2	HG02723#2#JAHEOT010000107.1:24197955-24230697	c1_HG02723.2
HG02818.1	HG02818#1#JAHEOS010000026.1:3325741-3358502	c1_HG02818.1
HG02818.1	HG02818#1#JAHEOS010000026.1:3358306-3384989	c2_HG02818.1
HG02818.2	HG02818#2#JAHEOR010000019.1:17831419-17857911	c2_HG02818.2
HG02818.2	HG02818#2#JAHEOR010000019.1:17857905-17890646	c1_HG02818.2
HG02886.1	HG02886#1#JAHAOU010000006.1:23436038-23462530	c2_HG02886.1
HG02886.1	HG02886#1#JAHAOU010000006.1:23462524-23495265	c1_HG02886.1
HG03098.1	HG03098#1#JAHEPM010000086.1:23575562-23602056	c2_HG03098.1
HG03098.1	HG03098#1#JAHEPM010000086.1:23602050-23634792	c1_HG03098.1
HG03453.1	HG03453#1#JAGYVW010000148.1:2384923-2411416	c2_HG03453.1
HG03453.1	HG03453#1#JAGYVW010000148.1:2411410-2444155	c1_HG03453.1
HG03486.1	HG03486#1#JAHEOQ010000034.1:24268582-24295075	c2_HG03486.1
HG03486.1	HG03486#1#JAHEOQ010000034.1:24295069-24327813	c1_HG03486.1
HG03486.2	HG03486#2#JAHEOP010000002.1:3255025-3287788	c1_HG03486.2
HG03486.2	HG03486#2#JAHEOP010000002.1:3287592-3314276	c2_HG03486.2
HG03492.2	HG03492#2#JAHEPH010000100.1:3256146-3289023	c1_HG03492.2
HG03492.2	HG03492#2#JAHEPH010000100.1:3288827-3315511	c2_HG03492.2
HG03516.1	HG03516#1#JAGYYT010000073.1:24038975-24065467	c2_HG03516.1
HG03516.1	HG03516#1#JAGYYT010000073.1:24065461-24098203	c1_HG03516.1
HG03516.2	HG03516#2#JAGYYS010000003.1:32095899-32128662	c1_HG03516.2
HG03516.2	HG03516#2#JAGYYS010000003.1:32128466-32155151	c2_HG03516.2
HG03540.2	HG03540#2#JAGYVX010000013.1:24242760-24275620	c2_HG03540.2
HG03540.2	HG03540#2#JAGYVX010000013.1:24275614-24308358	c1_HG03540.2
HG03579.1	HG03579#1#JAGYVU010000035.1:17853151-17879645	c2_HG03579.1
HG03579.1	HG03579#1#JAGYVU010000035.1:17879639-17912384	c1_HG03579.1
HG03579.2	HG03579#2#JAGYVT010000002.1:3314783-3347544	c1_HG03579.2
HG03579.2	HG03579#2#JAGYVT010000002.1:3347348-3374031	c2_HG03579.2
NA18906.1	NA18906#1#JAHEOO010000017.1:29297300-29323792	c2_NA18906.1
NA18906.1	NA18906#1#JAHEOO010000017.1:29323786-29356527	c1_NA18906.1
NA18906.2	NA18906#2#JAHEON010000020.1:24277247-24303741	c2_NA18906.2
NA18906.2	NA18906#2#JAHEON010000020.1:24303735-24336479	c1_NA18906.2
NA20129.1	NA20129#1#JAHEPE010000077.1:3248704-3281463	c1_NA20129.1
NA20129.1	NA20129#1#JAHEPE010000077.1:3281267-3307950	c2_NA20129.1
NA20129.2	NA20129#2#JAHEPD010000054.1:24047719-24074212	c2_NA20129.2
NA20129.2	NA20129#2#JAHEPD010000054.1:24074206-24106949	c1_NA20129.2
NA21309.1	NA21309#1#JAHEPC010000026.1:3259927-3292689	c1_NA21309.1
NA21309.1	NA21309#1#JAHEPC010000026.1:3292493-3319176	c2_NA21309.1
NA21309.2	NA21309#2#JAHEPB010000021.1:3162541-3195301	c1_NA21309.2
NA21309.2	NA21309#2#JAHEPB010000021.1:3195105-3221787	c2_NA21309.2
