node	size	seq	ref	c1	c2	rpos_min	rpos_max	class
1	300000	CTTGAGGGCA+	1	0	0	0	0	ref
2	3	AAG	1	1	0	0	0	c1
3	135	TACTTTGTTA+	2	1	1	300003	332741	cyc_l
4	1	A	1	1	0	300138	332876	c1
5	1	G	1	0	1	300138	332876	c2
6	28	GCATGGTCCG+	2	1	1	300139	332877	none
7	1	A	1	1	0	300167	332905	c1
8	1	G	1	0	1	300167	332905	c2
9	31	CTGCTCCTAT+	2	1	1	300168	332906	none
10	1	C	1	1	0	300199	332937	c1
11	1	T	1	0	1	300199	332937	c2
12	13664	GCCTGTCGTG+	2	1	1	300200	332938	none
13	1	A	1	1	0	313864	346602	c1
14	1	G	1	0	1	313864	346602	c2
15	226	GGAGCCTGAG+	2	1	1	313865	346603	none
16	1	G	1	1	0	314091	346829	c1
17	1	A	1	0	1	314091	346829	c2
18	1157	CCGCTGTGTC+	2	1	1	314092	346830	none
19	1	A	1	1	0	315249	347987	c1
20	1	G	1	0	1	315249	347987	c2
21	300	CAGCAGCACC+	2	1	1	315250	347988	none
22	1	C	1	1	0	315550	348288	c1
23	1	T	1	0	1	315550	348288	c2
24	2	CT	2	1	1	315551	348289	none
25	1	G	1	1	0	315553	348291	c1
26	1	C	1	0	1	315553	348291	c2
27	7	TCCAGTG	2	1	1	315554	348292	none
28	1	T	1	1	0	315561	348299	c1
29	1	A	1	0	1	315561	348299	c2
30	2	TA	2	1	1	315562	348300	none
31	1	G	1	1	0	315564	348302	c1
32	1	C	1	0	1	315564	348302	c2
33	1	A	2	1	1	315565	348303	none
34	1	C	1	1	0	315566	348304	c1
35	1	T	1	0	1	315566	348304	c2
36	351	AGGAGCATGC+	2	1	1	315567	348305	none
37	1	A	1	1	0	315918	348656	c1
38	1	G	1	0	1	315918	348656	c2
39	87	CTCATTTTTG+	2	1	1	315919	348657	none
40	1	G	1	1	0	316006	348744	c1
41	1	C	1	0	1	316006	348744	c2
42	4	CCTG	2	1	1	316007	348745	none
43	1	T	1	1	0	316011	348749	c1
44	1	C	1	0	1	316011	348749	c2
45	8	GGACCTGC	2	1	1	316012	348750	none
46	2	TC	1	1	0	316020	348758	c1
47	2	GG	1	0	1	316020	348758	c2
48	59	GGTGTTGCCC+	2	1	1	316022	348760	none
49	1	C	1	1	0	316081	348819	c1
50	1	G	1	0	1	316081	348819	c2
51	4	GCTC	2	1	1	316082	348820	none
52	1	C	1	1	0	316086	348824	c1
53	388	TGGCAGTGAG+	2	1	1	316087	348824	none
54	1	T	1	1	0	316475	349212	c1
55	1	G	1	0	1	316475	349212	c2
56	456	CGGCCTGGCT+	2	1	1	316476	349213	none
57	1	T	1	1	0	316932	349669	c1
58	1	C	1	0	1	316932	349669	c2
59	140	GTGACCTGGA+	2	1	1	316933	349670	none
60	1	A	1	1	0	317073	349810	c1
61	1	G	1	0	1	317073	349810	c2
62	6478	GGTGGGGCTG+	2	1	1	317074	349811	none
63	1	C	1	1	0	323552	356289	c1
64	1	A	1	0	1	323552	356289	c2
65	370	TGGCCCGGTC+	2	1	1	323553	356290	none
66	1	T	1	1	0	323923	356660	c1
67	1	C	1	0	1	323923	356660	c2
68	141	CACAAAAGTG+	2	1	1	323924	356661	none
69	1	G	1	1	0	324065	356802	c1
70	155	CATGCCCAGT+	2	1	1	324066	356802	none
71	1	T	1	1	0	324221	356957	c1
72	1	C	1	0	1	324221	356957	c2
73	36	GCCCGTCTCC+	2	1	1	324222	356958	none
74	1	G	1	1	0	324258	356994	c1
75	1	A	1	0	1	324258	356994	c2
76	65	CTTTCTAAGA+	2	1	1	324259	356995	none
77	1	C	1	1	0	324324	357060	c1
78	1	T	1	0	1	324324	357060	c2
79	4	CTTA	2	1	1	324325	357061	none
80	1	C	1	1	0	324329	357065	c1
81	1	T	1	0	1	324329	357065	c2
82	5	TTTTT	2	1	1	324330	357066	none
83	1	G	1	1	0	324335	357071	c1
84	1	A	1	0	1	324335	357071	c2
85	375	TCTCAAACCA+	2	1	1	324336	357072	none
86	1	A	1	1	0	324711	357447	c1
87	135	CCCACACAAA+	2	1	1	324712	357447	none
88	1	C	1	1	0	324847	357582	c1
89	1	G	1	0	1	324847	357582	c2
90	11	GGGGCGGACA+	2	1	1	324848	357583	none
91	2	CC	1	1	0	324859	357594	c1
92	2	TA	1	0	1	324859	357594	c2
93	10	TTGCCTGCAC+	2	1	1	324861	357596	none
94	1	G	1	1	0	324871	357606	c1
95	1	A	1	0	1	324871	357606	c2
96	1	G	2	1	1	324872	357607	none
97	1	G	1	1	0	324873	357608	c1
98	1	T	1	0	1	324873	357608	c2
99	71	TGATGTGGAA+	2	1	1	324874	357609	none
100	1	C	1	1	0	324945	357680	c1
101	1	T	1	0	1	324945	357680	c2
102	10	GATGGGTGAT+	2	1	1	324946	357681	none
103	1	T	1	1	0	324956	357691	c1
104	1	C	1	0	1	324956	357691	c2
105	9	AATTTTTTT	2	1	1	324957	357692	none
106	1	T	1	1	0	324966	357701	c1
107	63	GAAATACGGA+	2	1	1	324967	357701	none
108	1	T	1	1	0	325030	357764	c1
109	1	C	1	0	1	325030	357764	c2
110	12	GGGTCGGTGG+	2	1	1	325031	357765	none
111	1	A	1	1	0	325043	357777	c1
112	1	G	1	0	1	325043	357777	c2
113	2	GG	2	1	1	325044	357778	none
114	1	C	1	1	0	325046	357780	c1
115	1	T	1	0	1	325046	357780	c2
116	6	ACCTGA	2	1	1	325047	357781	none
117	1	G	1	1	0	325053	357787	c1
118	1	A	1	0	1	325053	357787	c2
119	98	GGTGGGGTCA+	2	1	1	325054	357788	none
120	1	T	1	1	0	325152	357886	c1
121	1	C	1	0	1	325152	357886	c2
122	94	GCCATGCTGC+	2	1	1	325153	357887	none
123	1	T	1	1	0	325247	357981	c1
124	1	C	1	0	1	325247	357981	c2
125	329	GCCTCTTGCC+	2	1	1	325248	357982	none
126	1	C	1	1	0	325577	358311	c1
127	1	A	1	0	1	325577	358311	c2
128	12	AAATTTTTTT+	2	1	1	325578	358312	none
129	4	TGTT	1	1	0	325590	358324	c1
130	1	A	1	0	1	325590	358324	c2
131	9	AGAGATGGG	2	1	1	325594	358325	none
132	1	G	1	1	0	325603	358334	c1
133	1	T	1	0	1	325603	358334	c2
134	10	TCTTGCTATG+	2	1	1	325604	358335	none
135	1	T	1	1	0	325614	358345	c1
136	1	C	1	0	1	325614	358345	c2
137	16	TGCCCAGGCT+	2	1	1	325615	358346	none
138	1	G	1	1	0	325631	358362	c1
139	1	A	1	0	1	325631	358362	c2
140	7	AATTCCT	2	1	1	325632	358363	none
141	1	G	1	1	0	325639	358370	c1
142	1	A	1	0	1	325639	358370	c2
143	7	GTCTCAA	2	1	1	325640	358371	none
144	1	G	1	1	0	325647	358378	c1
145	1	A	1	0	1	325647	358378	c2
146	15	TGATCCTCCC+	2	1	1	325648	358379	none
147	1	G	1	1	0	325663	358394	c1
148	1	A	1	0	1	325663	358394	c2
149	10	GCCTCAAGTG+	2	1	1	325664	358395	none
150	1	G	1	1	0	325674	358405	c1
151	1	T	1	0	1	325674	358405	c2
152	10	GAGCCACCTT+	2	1	1	325675	358406	none
153	1	C	1	1	0	325685	358416	c1
154	1	T	1	0	1	325685	358416	c2
155	4	GGGG	2	1	1	325686	358417	none
156	1	G	1	1	0	325690	358421	c1
157	1	C	2	1	1	325691	358421	none
158	1	T	1	1	0	325692	358422	c1
159	1	A	1	0	1	325692	358422	c2
160	10	TCCCCAATCC+	2	1	1	325693	358423	none
161	3	TCC	1	1	0	325703	358433	c1
162	5	AGGTC	2	1	1	325706	358433	none
163	1	A	1	1	0	325711	358438	c1
164	1	C	1	0	1	325711	358438	c2
165	18	CTGGAAGCTC+	2	1	1	325712	358439	none
166	1	G	1	0	1	325730	358457	c2
167	7	CATATCT	2	1	1	325730	358458	none
168	3	TCA	1	1	0	325737	358465	c1
169	3	GGT	1	0	1	325737	358465	c2
170	2	GG	2	1	1	325740	358468	none
171	1	A	1	1	0	325742	358470	c1
172	1	G	1	0	1	325742	358470	c2
173	2	GA	2	1	1	325743	358471	none
174	2	AG	1	1	0	325745	358473	c1
175	2	GA	1	0	1	325745	358473	c2
176	7	AAGCAGG	2	1	1	325747	358475	none
177	1	T	1	1	0	325754	358482	c1
178	1	G	1	0	1	325754	358482	c2
179	4	GTTG	2	1	1	325755	358483	none
180	1	A	1	1	0	325759	358487	c1
181	1	G	1	0	1	325759	358487	c2
182	6	GGAGGC	2	1	1	325760	358488	none
183	1	A	1	1	0	325766	358494	c1
184	1	C	1	0	1	325766	358494	c2
185	18	GAAGAAGGTC+	2	1	1	325767	358495	none
186	1	G	1	1	0	325785	358513	c1
187	1	A	1	0	1	325785	358513	c2
188	3	GCT	2	1	1	325786	358514	none
189	1	T	1	1	0	325789	358517	c1
190	1	G	1	0	1	325789	358517	c2
191	4	CCTT	2	1	1	325790	358518	none
192	2	GG	1	1	0	325794	358522	c1
193	2	CA	1	0	1	325794	358522	c2
194	24	TCAGTTCCCA+	2	1	1	325796	358524	none
195	1	G	1	1	0	325820	358548	c1
196	1	C	1	0	1	325820	358548	c2
197	27	CTCCTCCTGC+	2	1	1	325821	358549	none
198	1	A	1	1	0	325848	358576	c1
199	1	G	1	0	1	325848	358576	c2
200	18	GAACTACCCG+	2	1	1	325849	358577	none
201	1	G	1	1	0	325867	358595	c1
202	1	C	1	0	1	325867	358595	c2
203	4	TTGG	2	1	1	325868	358596	none
204	8	GAGACTAC	1	0	1	325872	358600	c2
205	2	TC	2	1	1	325872	358608	none
206	1	T	1	1	0	325874	358610	c1
207	1	C	1	0	1	325874	358610	c2
208	282	CTGCTCTGGA+	2	1	1	325875	358611	none
209	1	A	1	1	0	326157	358893	c1
210	1	T	1	0	1	326157	358893	c2
211	104	CTGTTACCTC+	2	1	1	326158	358894	none
212	1	A	1	1	0	326262	358998	c1
213	1	C	1	0	1	326262	358998	c2
214	6	TCCTTT	2	1	1	326263	358999	none
215	1	C	1	1	0	326269	359005	c1
216	1	T	1	0	1	326269	359005	c2
217	9	CTGGCAGGA	2	1	1	326270	359006	none
218	1	G	1	1	0	326279	359015	c1
219	1	C	1	0	1	326279	359015	c2
220	253	GACAACTTAA+	2	1	1	326280	359016	none
221	1	C	1	1	0	326533	359269	c1
222	1	T	1	0	1	326533	359269	c2
223	4	CACA	2	1	1	326534	359270	none
224	1	A	1	1	0	326538	359274	c1
225	1	T	1	0	1	326538	359274	c2
226	2	CG	2	1	1	326539	359275	none
227	1	A	1	1	0	326541	359277	c1
228	1	T	1	0	1	326541	359277	c2
229	5	GGAGA	2	1	1	326542	359278	none
230	1	A	1	1	0	326547	359283	c1
231	1	T	1	0	1	326547	359283	c2
232	30	GCAGCTGAGG+	2	1	1	326548	359284	none
233	2	GT	1	1	0	326578	359314	c1
234	2	AC	1	0	1	326578	359314	c2
235	164	GTGGACGGCC+	2	1	1	326580	359316	none
236	1	G	1	1	0	326744	359480	c1
237	1	C	1	0	1	326744	359480	c2
238	96	GTGGCAGGCC+	2	1	1	326745	359481	none
239	1	T	1	1	0	326841	359577	c1
240	1	G	1	0	1	326841	359577	c2
241	79	TGCACATGGC+	2	1	1	326842	359578	none
242	1	T	1	1	0	326921	359657	c1
243	26	GCTTCACCAC+	2	1	1	326922	359657	none
244	1	C	1	1	0	326948	359683	c1
245	1	G	1	0	1	326948	359683	c2
246	204	GGACAAGCAA+	2	1	1	326949	359684	none
247	1	T	1	1	0	327153	359888	c1
248	1	C	1	0	1	327153	359888	c2
249	113	AGGAGGAGCT+	2	1	1	327154	359889	none
250	1	T	1	1	0	327267	360002	c1
251	1	C	1	0	1	327267	360002	c2
252	261	GGCCCGTTGT+	2	1	1	327268	360003	none
253	1	A	1	1	0	327529	360264	c1
254	1	G	1	0	1	327529	360264	c2
255	321	TGAAAATGTG+	2	1	1	327530	360265	none
256	1	A	1	1	0	327851	360586	c1
257	1	G	1	0	1	327851	360586	c2
258	7	GGCCAGA	2	1	1	327852	360587	none
259	1	A	1	1	0	327859	360594	c1
260	1	G	1	0	1	327859	360594	c2
261	374	CCAGTGATGG+	2	1	1	327860	360595	none
262	1	C	1	1	0	328234	360969	c1
263	1	T	1	0	1	328234	360969	c2
264	21	TCCCGTTCCC+	2	1	1	328235	360970	none
265	1	G	1	1	0	328256	360991	c1
266	1	A	1	0	1	328256	360991	c2
267	49	GCTCCCAGCA+	2	1	1	328257	360992	none
268	1	T	1	1	0	328306	361041	c1
269	1	C	1	0	1	328306	361041	c2
270	2	GC	2	1	1	328307	361042	none
271	1	C	1	1	0	328309	361044	c1
272	1	T	1	0	1	328309	361044	c2
273	20	GCAGAGGATT+	2	1	1	328310	361045	none
274	1	C	1	1	0	328330	361065	c1
275	1	T	1	0	1	328330	361065	c2
276	9	CTGAGCTGG	2	1	1	328331	361066	none
277	1	T	1	1	0	328340	361075	c1
278	1	C	1	0	1	328340	361075	c2
279	70	CCTTTCCAGC+	2	1	1	328341	361076	none
280	1	G	1	1	0	328411	361146	c1
281	1	A	1	0	1	328411	361146	c2
282	732	CTCAGTCCCT+	2	1	1	328412	361147	none
283	1	C	1	1	0	329144	361879	c1
284	1	A	1	0	1	329144	361879	c2
285	4	CCCT	2	1	1	329145	361880	none
286	1	T	1	1	0	329149	361884	c1
287	68	GCCCTGCACA+	2	1	1	329150	361884	none
288	1	C	1	1	0	329218	361952	c1
289	1	G	1	0	1	329218	361952	c2
290	23	CAAAACACGT+	2	1	1	329219	361953	none
291	1	C	1	1	0	329242	361976	c1
292	1	G	1	0	1	329242	361976	c2
293	1202	CGGTTGCCGT+	2	1	1	329243	361977	none
294	1	A	1	1	0	330445	363179	c1
295	1	G	1	0	1	330445	363179	c2
296	9	CTCCCACCT	2	1	1	330446	363180	none
297	120	CTTGCCCCGG+	1	0	1	330455	363189	c2
298	20	GGAGTTTCTG+	2	1	1	330455	363309	none
299	1	C	1	1	0	330475	363329	c1
300	1	T	1	0	1	330475	363329	c2
301	4	GGCC	2	1	1	330476	363330	none
302	1	G	1	1	0	330480	363334	c1
303	1	A	1	0	1	330480	363334	c2
304	33	TCCACCTGCA+	2	1	1	330481	363335	none
305	1	G	1	1	0	330514	363368	c1
306	1	A	1	0	1	330514	363368	c2
307	35	TTGGGGATCG+	2	1	1	330515	363369	none
308	1	G	1	1	0	330550	363404	c1
309	1	A	1	0	1	330550	363404	c2
310	239	GCTGGAGGGT+	2	1	1	330551	363405	none
311	1	C	1	1	0	330790	363644	c1
312	1	T	1	0	1	330790	363644	c2
313	6	CTCCCT	2	1	1	330791	363645	none
314	1	G	1	1	0	330797	363651	c1
315	1	A	1	0	1	330797	363651	c2
316	892	CGAGTCCCCC+	2	1	1	330798	363652	none
317	1	C	1	1	0	331690	364544	c1
318	1	G	1	0	1	331690	364544	c2
319	73	GGGTGCTGGG+	2	1	1	331691	364545	none
320	1	A	1	1	0	331764	364618	c1
321	1	G	1	0	1	331764	364618	c2
322	698	TTCGTGTCCT+	2	1	1	331765	364619	none
323	1	A	1	1	0	332463	365317	c1
324	1	G	1	0	1	332463	365317	c2
325	62	CTATCTGGAC+	2	1	1	332464	365318	none
326	1	C	1	1	0	332526	365380	c1
327	1	T	1	0	1	332526	365380	c2
328	142	GGCAGTGACG+	2	1	1	332527	365381	none
329	1	C	1	1	0	332669	365523	c1
330	1	G	1	0	1	332669	365523	c2
331	10	ACAGGCCAGG+	2	1	1	332670	365524	none
332	1	T	1	1	0	332680	365534	c1
333	1	G	1	0	1	332680	365534	c2
334	1	C	2	1	1	332681	365535	none
335	1	A	1	1	0	332682	365536	c1
336	1	G	1	0	1	332682	365536	c2
337	44	CCCCACTCCG+	2	1	1	332683	365537	none
338	1	A	1	1	0	332727	365581	c1
339	1	C	1	0	1	332727	365581	c2
340	13	CCAAATGCAC+	2	1	1	332728	365582	cyc_r
341	300000	GAAACCCACA+	1	0	0	365595	365595	ref
