node	size	seq	ref	c1	c2	rpos_min	rpos_max	rnode	class
1	299982	CTTGAGGGCA+	1	0	0	0	0	1	ref
2	2	GG	1	29	29	299982	299982	2	none
3	1	A	1	29	0	299984	299984	2	c1
4	1	G	0	0	29	299984	299984	2	c2
5	11	GCTGGGAGAT+	1	29	29	299985	299985	5	none
6	174	AGAGAGCCCC+	0	0	29	299996	299996	5	c2
7	2	CA	1	29	29	299996	299996	7	none
8	1	T	1	65	0	299998	299998	7	c1
9	1	C	1	65	65	299999	299999	9	none
10	3	AAG	1	66	65	300000	300000	10	none
11	87	TACTTTGTTA+	2	66	66	300003	332741	10	cyc_l
12	1	T	2	61	66	300090	332828	12	none
13	1	G	0	5	0	300090	332828	10	c1
14	7	TTCCCCT	2	66	66	300091	332829	14	none
15	1	T	2	61	5	300098	332836	14	c1
16	1	C	0	5	61	300098	332836	14	c2
17	13	TCCTGTGCCA+	2	66	66	300099	332837	17	none
18	3	CTC	2	45	66	300112	332850	18	none
19	23	CTCTAGGGCG+	2	66	66	300115	332853	19	none
20	1	A	1	51	0	300138	300138	19	c1
21	1	G	1	15	66	332876	332876	19	c2
22	28	GCATGGTCCG+	2	66	66	300139	332877	22	none
23	1	A	1	65	0	300167	300167	22	c1
24	1	G	1	1	66	332905	332905	22	c2
25	31	CTGCTCCTAT+	2	66	66	300168	332906	25	none
26	1	C	1	66	10	300199	300199	25	c1
27	1	T	1	0	56	332937	332937	25	c2
28	149	GCCTGTCGTG+	2	66	66	300200	332938	28	none
29	1	T	2	64	66	300349	333087	29	none
30	1	C	0	2	0	300349	333087	28	c1
31	30	AGTGAAGGCC+	2	66	66	300350	333088	31	none
32	1	G	2	66	44	300380	333118	32	none
33	1	A	0	0	22	300380	333118	31	c2
34	83	GAACCCGGGA+	2	66	66	300381	333119	34	none
35	1	T	2	66	64	300464	333202	35	none
36	1	C	0	0	2	300464	333202	34	c2
37	178	GCACAGCATC+	2	66	66	300465	333203	37	none
38	1	G	2	66	65	300643	333381	38	none
39	1	A	0	0	1	300643	333381	37	c2
40	74	TGTGTGCAAA+	2	66	66	300644	333382	40	none
41	1	T	2	66	64	300718	333456	41	none
42	1	G	0	0	2	300718	333456	40	c2
43	73	CTCTGCCCTT+	2	66	66	300719	333457	43	none
44	1	G	2	65	66	300792	333530	44	none
45	1	A	0	1	0	300792	333530	43	c1
46	143	CTGTTATTAC+	2	66	66	300793	333531	46	none
47	1	T	2	66	65	300936	333674	47	none
48	1	G	0	0	1	300936	333674	46	c2
49	44	ACTGTGACGT+	2	66	66	300937	333675	49	none
50	1	G	2	65	66	300981	333719	50	none
51	1	A	0	1	0	300981	333719	49	c1
52	3	TCT	2	66	66	300982	333720	52	none
53	1	G	2	64	64	300985	333723	53	none
54	1	A	0	2	2	300985	333723	54	none
55	47	AGCTTTGCCT+	2	66	66	300986	333724	55	none
56	1	G	2	63	65	301033	333771	56	none
57	1	T	0	3	1	301033	333771	57	none
58	181	TTCAGGCCAT+	2	66	66	301034	333772	58	none
59	1	C	2	66	65	301215	333953	59	none
60	1	T	0	0	1	301215	333953	58	c2
61	162	GTGGGCCATG+	2	66	66	301216	333954	61	none
62	1	A	2	66	46	301378	334116	62	none
63	1	G	0	0	20	301378	334116	61	c2
64	119	TGGACACCCA+	2	66	66	301379	334117	64	none
65	1	A	2	65	66	301498	334236	65	none
66	1	G	0	1	0	301498	334236	64	c1
67	261	CTCTGCCCCG+	2	66	66	301499	334237	67	none
68	4	TGTT	2	66	64	301760	334498	68	none
69	129	CTCCCCAGGT+	2	66	66	301764	334502	69	none
70	1	C	2	65	66	301893	334631	70	none
71	1	G	0	1	0	301893	334631	69	c1
72	58	GTAATAATGT+	2	66	66	301894	334632	72	none
73	1	C	2	66	65	301952	334690	73	none
74	1	T	0	0	1	301952	334690	72	c2
75	72	GCACTCCTCA+	2	66	66	301953	334691	75	none
76	1	A	2	64	66	302025	334763	76	none
77	1	G	0	2	0	302025	334763	75	c1
78	315	TCTGTCTTGT+	2	66	66	302026	334764	78	none
79	1	C	2	60	57	302341	335079	79	none
80	1	G	0	6	9	302341	335079	80	none
81	16	TCTTTTTGCA+	2	66	66	302342	335080	81	none
82	1	C	2	65	66	302358	335096	82	none
83	1	T	0	1	0	302358	335096	81	c1
84	182	CAGCCCATTT+	2	66	66	302359	335097	84	none
85	1	C	2	65	66	302541	335279	85	none
86	1	T	0	1	0	302541	335279	84	c1
87	45	CACCCTCCCC+	2	66	66	302542	335280	87	none
88	1	C	2	66	65	302587	335325	88	none
89	1	T	0	0	1	302587	335325	87	c2
90	367	ACTCCCAGTT+	2	66	66	302588	335326	90	none
91	1	G	2	65	66	302955	335693	91	none
92	1	A	0	1	0	302955	335693	90	c1
93	496	GTTAACCCCC+	2	66	66	302956	335694	93	none
94	1	A	2	66	65	303452	336190	94	none
95	1	G	0	0	1	303452	336190	93	c2
96	206	CTCAGTATGA+	2	66	66	303453	336191	96	none
97	1	T	2	65	66	303659	336397	97	none
98	1	C	0	1	0	303659	336397	96	c1
99	144	AGGGGCTGGG+	2	66	66	303660	336398	99	none
100	1	A	2	66	64	303804	336542	100	none
101	1	T	0	0	2	303804	336542	99	c2
102	9	GCTGAATAT	2	66	66	303805	336543	102	none
103	1	G	2	66	64	303814	336552	103	none
104	1	A	0	0	2	303814	336552	102	c2
105	32	GGCATTACTG+	2	66	66	303815	336553	105	none
106	1	C	2	66	61	303847	336585	106	none
107	1	T	0	0	5	303847	336585	105	c2
108	22	GTTGCTGCAG+	2	66	66	303848	336586	108	none
109	1	C	2	24	58	303870	336608	109	none
110	1	A	0	42	8	303870	336608	108	c1
111	29	TCCAGGTGGG+	2	66	66	303871	336609	111	none
112	1	C	2	64	66	303900	336638	112	none
113	44	CCCAGACCCT+	2	66	66	303901	336639	113	none
114	1	G	2	43	55	303945	336683	114	none
115	1	A	0	23	11	303945	336683	115	none
116	186	GCACCAACAC+	2	66	66	303946	336684	116	none
117	193	CGTGCTAGGC+	2	65	14	304132	336870	116	c1
118	1	A	2	63	14	304325	337063	116	c1
119	1	C	0	2	0	304325	337063	116	c1
120	170	GTACAGTCAC+	2	65	14	304326	337064	116	c1
121	1	A	2	42	11	304496	337234	116	c1
122	1	G	0	23	3	304496	337234	116	c1
123	50	AGACTGCATG+	2	65	14	304497	337235	116	c1
124	1	G	2	30	11	304547	337285	124	none
125	1	C	0	35	3	304547	337285	116	c1
126	99	AGTGTTTACA+	2	65	14	304548	337286	124	c1
127	1	C	2	44	11	304647	337385	124	c1
128	1	T	0	21	3	304647	337385	116	c1
129	22	TTATTGTCTC+	2	65	14	304648	337386	124	c1
130	1	A	2	35	11	304670	337408	124	c1
131	1	C	0	30	3	304670	337408	116	c1
132	49	CAGTTTATAC+	2	65	14	304671	337409	124	c1
133	1	C	2	64	14	304720	337458	124	c1
134	1	G	0	1	0	304720	337458	116	c1
135	13	TTTTTTTTTT+	2	65	14	304721	337459	124	c1
136	1	T	0	11	0	304734	337472	124	c1
137	128	AACCGCTATT+	2	65	14	304734	337472	124	c1
138	1	C	2	44	11	304862	337600	124	c1
139	1	A	0	21	3	304862	337600	116	c1
140	253	TTTAATGGTC+	2	65	14	304863	337601	124	c1
141	1	A	2	63	14	305116	337854	124	c1
142	1	C	0	2	0	305116	337854	116	c1
143	850	TTGTACTTCT+	2	65	14	305117	337855	124	c1
144	1	A	2	63	14	305967	338705	124	c1
145	1	G	0	2	0	305967	338705	116	c1
146	60	TGACAATTTC+	2	65	14	305968	338706	124	c1
147	1	T	2	64	14	306028	338766	124	c1
148	1	A	0	1	0	306028	338766	124	c1
149	97	AATTAATATT+	2	65	14	306029	338767	124	c1
150	1	C	2	63	14	306126	338864	124	c1
151	1	T	0	2	0	306126	338864	124	c1
152	450	GGGCTCCATC+	2	65	14	306127	338865	124	c1
153	1	G	2	64	14	306577	339315	124	c1
154	1	T	0	1	0	306577	339315	116	c1
155	121	TTACTTGGCA+	2	65	14	306578	339316	124	c1
156	1	C	2	64	14	306699	339437	124	c1
157	1	G	0	1	0	306699	339437	116	c1
158	15	AGGGCAGAAG+	2	65	14	306700	339438	124	c1
159	1	C	2	55	14	306715	339453	124	c1
160	1	T	0	10	0	306715	339453	124	c1
161	160	GGATTTAAGA+	2	65	14	306716	339454	124	c1
162	1	C	2	63	14	306876	339614	124	c1
163	1	A	0	2	0	306876	339614	116	c1
164	30	CTGTAGGGTC+	2	65	14	306877	339615	124	c1
165	1	G	2	44	11	306907	339645	124	c1
166	1	T	0	21	3	306907	339645	116	c1
167	100	TTTTTTTATT+	2	65	14	306908	339646	124	c1
168	1	A	2	64	14	307008	339746	124	c1
169	1	G	0	1	0	307008	339746	124	c1
170	72	TTTTTAAAGA+	2	65	14	307009	339747	124	c1
171	1	A	2	64	14	307081	339819	124	c1
172	1	G	0	1	0	307081	339819	116	c1
173	105	TGATATCTTT+	2	65	14	307082	339820	124	c1
174	1	G	2	60	8	307187	339925	124	c1
175	1	A	0	5	6	307187	339925	175	none
176	21	TATAAATTTT+	2	65	14	307188	339926	124	c1
177	1	T	2	60	14	307209	339947	124	c1
178	1	G	0	5	0	307209	339947	124	c1
179	49	TTATGACTTT+	2	65	14	307210	339948	124	c1
180	1	A	2	64	14	307259	339997	124	c1
181	1	G	0	1	0	307259	339997	124	c1
182	55	TAATTTTTTT+	2	65	14	307260	339998	124	c1
183	1	T	0	35	3	307315	340053	116	c1
184	87	GTATTTTTTT+	2	65	14	307315	340053	124	c1
185	1	G	2	35	11	307402	340140	124	c1
186	1	A	0	30	3	307402	340140	116	c1
187	168	TATGTACATA+	2	65	14	307403	340141	124	c1
188	1	G	2	64	14	307571	340309	124	c1
189	1	A	0	1	0	307571	340309	124	c1
190	65	TTGAAATTAT+	2	65	14	307572	340310	124	c1
191	1	C	2	64	14	307637	340375	124	c1
192	1	G	0	1	0	307637	340375	116	c1
193	77	AAGCAGTGAT+	2	65	14	307638	340376	124	c1
194	1	G	2	64	14	307715	340453	124	c1
195	1	A	0	1	0	307715	340453	116	c1
196	447	AATGTGTGTA+	2	65	14	307716	340454	124	c1
197	1	A	2	5	3	308163	340901	197	none
198	1	G	0	60	11	308163	340901	116	c1
199	613	TTTAATAATT+	2	65	14	308164	340902	197	c1
200	1	T	2	64	14	308777	341515	197	c1
201	1	G	0	1	0	308777	341515	116	c1
202	99	AGTTCTGCCT+	2	65	14	308778	341516	197	c1
203	1	G	2	60	14	308877	341615	197	c1
204	1	A	0	5	0	308877	341615	116	c1
205	119	GCAGGAATGG+	2	65	14	308878	341616	197	c1
206	1	G	2	63	14	308997	341735	197	c1
207	1	A	0	2	0	308997	341735	124	c1
208	53	AGCCCAGGTT+	2	65	14	308998	341736	197	c1
209	1	C	2	64	14	309051	341789	197	c1
210	1	T	0	1	0	309051	341789	124	c1
211	160	GGACTTTTTC+	2	65	14	309052	341790	197	c1
212	1	G	2	58	14	309212	341950	197	c1
213	1	A	0	7	0	309212	341950	116	c1
214	158	AAATTGCTCC+	2	65	14	309213	341951	197	c1
215	1	T	2	30	11	309371	342109	215	none
216	1	C	0	35	3	309371	342109	116	c1
217	246	CTCTACAGGA+	2	65	14	309372	342110	215	c1
218	1	A	2	64	14	309618	342356	215	c1
219	1	G	0	1	0	309618	342356	116	c1
220	227	TATGCTCTTT+	2	65	14	309619	342357	215	c1
221	1	G	2	63	14	309846	342584	215	c1
222	1	A	0	2	0	309846	342584	116	c1
223	380	CCCCGCTTAC+	2	65	14	309847	342585	215	c1
224	1	C	2	64	14	310227	342965	215	c1
225	1	T	0	1	0	310227	342965	116	c1
226	47	GCTTTAAATG+	2	65	14	310228	342966	215	c1
227	1	T	2	64	14	310275	343013	215	c1
228	1	C	0	1	0	310275	343013	116	c1
229	130	CGGAGAGTAG+	2	65	14	310276	343014	215	c1
230	1	C	2	65	13	310406	343144	215	c1
231	1	T	0	0	1	310406	343144	215	c2
232	112	ATGGCAATTA+	2	65	14	310407	343145	215	c1
233	20	TGTGCTGGGC+	0	1	52	304132	336870	116	c2
234	14	ACAGACAGGA+	2	66	66	310519	343257	234	none
235	1	G	2	65	14	310533	343271	234	c1
236	1	A	0	1	52	310533	343271	234	c2
237	8	GCAGCCTG	2	66	66	310534	343272	237	none
238	1	T	2	66	33	310542	343280	238	none
239	1	C	0	0	33	310542	343280	237	c2
240	49	GCCCTGGGAG+	2	66	66	310543	343281	240	none
241	1	C	2	65	15	310592	343330	240	c1
242	1	T	0	1	51	310592	343330	240	c2
243	397	ACTTGTCCTC+	2	66	66	310593	343331	243	none
244	1	C	2	52	64	310990	343728	244	none
245	1	T	0	14	2	310990	343728	243	c1
246	69	GGGAGCGGCC+	2	66	66	310991	343729	246	none
247	1	C	2	42	44	311060	343798	247	none
248	1	T	0	24	22	311060	343798	248	none
249	4	TCCT	2	66	66	311061	343799	249	none
250	1	C	2	60	66	311065	343803	250	none
251	1	T	0	6	0	311065	343803	249	c1
252	220	GGACCCCTGG+	2	66	66	311066	343804	252	none
253	1	C	2	65	66	311286	344024	253	none
254	1	T	0	1	0	311286	344024	252	c1
255	3	GGC	2	66	66	311287	344025	255	none
256	1	C	2	66	59	311290	344028	256	none
257	1	T	0	0	7	311290	344028	255	c2
258	51	GGATTCTCGA+	2	66	66	311291	344029	258	none
259	1	C	2	65	66	311342	344080	259	none
260	1	T	0	1	0	311342	344080	258	c1
261	61	GTGGGCAGTG+	2	66	66	311343	344081	261	none
262	1	C	2	41	23	311404	344142	262	none
263	1	A	0	25	43	311404	344142	263	none
264	46	GGAGGGCTGG+	2	66	66	311405	344143	264	none
265	1	G	2	65	66	311451	344189	265	none
266	1	A	0	1	0	311451	344189	264	c1
267	57	TTCAAGGCTG+	2	66	66	311452	344190	267	none
268	1	C	2	66	64	311509	344247	268	none
269	1	T	0	0	2	311509	344247	267	c2
270	125	CCAGATCCTA+	2	66	66	311510	344248	270	none
271	1	A	2	61	66	311635	344373	271	none
272	1	C	0	5	0	311635	344373	270	c1
273	15	TGGAGACCAC+	2	66	66	311636	344374	273	none
274	1	G	2	66	65	311651	344389	274	none
275	1	A	0	0	1	311651	344389	273	c2
276	180	GCCAACTCCC+	2	66	66	311652	344390	276	none
277	1	C	2	65	66	311832	344570	277	none
278	1	T	0	1	0	311832	344570	276	c1
279	8	CCACCTGC	2	66	66	311833	344571	279	none
280	1	C	2	63	66	311841	344579	280	none
281	1	T	0	3	0	311841	344579	279	c1
282	334	GCCCCTGCCA+	2	66	66	311842	344580	282	none
283	1	C	2	65	65	312176	344914	283	none
284	1	G	0	1	1	312176	344914	284	none
285	76	CCATGTGCTG+	2	66	66	312177	344915	285	none
286	2	TT	0	0	1	312253	344991	285	c2
287	150	TTTCTTGCAG+	2	66	66	312253	344991	287	none
288	1	A	2	59	66	312403	345141	288	none
289	1	G	0	7	0	312403	345141	287	c1
290	18	GGAAGGGGAG+	2	66	66	312404	345142	290	none
291	1	G	2	66	65	312422	345160	291	none
292	1	A	0	0	1	312422	345160	290	c2
293	115	GGAAGATAAG+	2	66	66	312423	345161	293	none
294	1	C	2	65	66	312538	345276	294	none
295	1	T	0	1	0	312538	345276	293	c1
296	61	AGCCTTTCTC+	2	66	66	312539	345277	296	none
297	1	C	2	65	48	312600	345338	297	none
298	1	T	0	1	18	312600	345338	296	c2
299	99	GTGAACTTCC+	2	66	66	312601	345339	299	none
300	1	C	2	66	64	312700	345438	300	none
301	1	T	0	0	2	312700	345438	299	c2
302	8	TGCCCCTC	2	66	66	312701	345439	302	none
303	1	G	2	59	66	312709	345447	303	none
304	1	A	0	7	0	312709	345447	302	c1
305	42	GCTCCTTGCT+	2	66	66	312710	345448	305	none
306	1	C	2	66	63	312752	345490	306	none
307	1	T	0	0	3	312752	345490	305	c2
308	1	G	2	66	65	312753	345491	308	none
309	1	A	0	0	1	312753	345491	306	c2
310	82	AATTCCGGGA+	2	66	66	312754	345492	310	none
311	1	G	2	66	63	312836	345574	311	none
312	1	T	0	0	3	312836	345574	310	c2
313	74	GCTGAGGTGT+	2	66	66	312837	345575	313	none
314	1	G	2	65	66	312911	345649	314	none
315	1	A	0	1	0	312911	345649	313	c1
316	48	ACAGCCAAGC+	2	66	66	312912	345650	316	none
317	1	C	2	66	65	312960	345698	317	none
318	1	A	0	0	1	312960	345698	316	c2
319	36	GTTCCTGCGA+	2	66	66	312961	345699	319	none
320	1	C	2	66	65	312997	345735	320	none
321	1	T	0	0	1	312997	345735	319	c2
322	152	GGACTGCCGG+	2	66	66	312998	345736	322	none
323	1	C	2	66	64	313150	345888	323	none
324	1	T	0	0	2	313150	345888	322	c2
325	336	TCCTCACTCC+	2	66	66	313151	345889	325	none
326	1	T	2	44	43	313487	346225	326	none
327	1	C	0	22	23	313487	346225	327	none
328	86	GCTTCCATTT+	2	66	66	313488	346226	328	none
329	1	G	2	66	64	313574	346312	329	none
330	1	A	0	0	2	313574	346312	328	c2
331	19	CGTGCAGCTG+	2	66	66	313575	346313	331	none
332	1	A	2	66	47	313594	346332	332	none
333	1	G	0	0	19	313594	346332	331	c2
334	12	GAGGGCAGAG+	2	66	66	313595	346333	334	none
335	1	G	2	66	45	313607	346345	335	none
336	1	A	0	0	21	313607	346345	334	c2
337	67	GACTGAGACA+	2	66	66	313608	346346	337	none
338	1	G	2	65	60	313675	346413	338	none
339	1	A	0	1	6	313675	346413	337	c2
340	18	ATCTCTGCCC+	2	66	66	313676	346414	340	none
341	1	A	2	66	45	313694	346432	341	none
342	1	G	0	0	21	313694	346432	340	c2
343	7	CGCTTCC	2	66	66	313695	346433	343	none
344	1	T	2	66	45	313702	346440	344	none
345	1	C	0	0	21	313702	346440	343	c2
346	31	TTCCCTCAGG+	2	66	66	313703	346441	346	none
347	1	C	2	66	62	313734	346472	347	none
348	1	T	0	0	4	313734	346472	346	c2
349	96	CAGCTCCGGG+	2	66	66	313735	346473	349	none
350	1	T	2	66	65	313831	346569	350	none
351	1	C	0	0	1	313831	346569	349	c2
352	32	ACCTGGATAA+	2	66	66	313832	346570	352	none
353	1	A	1	24	5	313864	313864	352	c1
354	1	G	1	42	61	346602	346602	354	none
355	61	GGAGCCTGAG+	2	66	66	313865	346603	355	none
356	1	G	2	66	47	313926	346664	356	none
357	1	A	0	0	19	313926	346664	355	c2
358	164	GGCCAGGACT+	2	66	66	313927	346665	358	none
359	1	G	1	66	62	314091	314091	359	none
360	1	A	1	0	4	346829	346829	358	c2
361	27	CCGCTGTGTC+	2	66	66	314092	346830	361	none
362	1	G	2	66	65	314119	346857	362	none
363	1	A	0	0	1	314119	346857	361	c2
364	93	AGGGTCCTTC+	2	66	66	314120	346858	364	none
365	1	C	2	58	66	314213	346951	365	none
366	1	T	0	8	0	314213	346951	364	c1
367	34	AGCTTTGTCC+	2	66	66	314214	346952	367	none
368	1	G	2	66	56	314248	346986	368	none
369	1	A	0	0	10	314248	346986	367	c2
370	23	GCCAGGCCAG+	2	66	66	314249	346987	370	none
371	1	A	2	33	17	314272	347010	371	none
372	1	G	0	33	49	314272	347010	372	none
373	87	AACCAATGCC+	2	66	66	314273	347011	373	none
374	1	C	2	34	54	314360	347098	374	none
375	1	T	0	32	12	314360	347098	375	none
376	38	GCTAGCAGGG+	2	66	66	314361	347099	376	none
377	1	C	2	62	62	314399	347137	377	none
378	27	CATGTTTTCC+	2	66	66	314400	347138	378	none
379	1	G	2	64	66	314427	347165	379	none
380	1	A	0	2	0	314427	347165	378	c1
381	166	GCCATCCATA+	2	66	66	314428	347166	381	none
382	1	A	2	63	66	314594	347332	382	none
383	1	C	0	3	0	314594	347332	381	c1
384	121	ATACCTGGCA+	2	66	66	314595	347333	384	none
385	1	T	2	3	5	314716	347454	385	none
386	1	C	0	63	61	314716	347454	386	none
387	59	TGTGGATCCC+	2	66	66	314717	347455	387	none
388	1	C	2	65	62	314776	347514	388	none
389	1	T	0	1	4	314776	347514	387	c2
390	31	ACCCTCTCCC+	2	66	66	314777	347515	390	none
391	1	T	2	62	66	314808	347546	391	none
392	1	C	0	4	0	314808	347546	390	c1
393	119	TGGACACTTT+	2	66	66	314809	347547	393	none
394	1	C	2	65	66	314928	347666	394	none
395	1	T	0	1	0	314928	347666	393	c1
396	108	GCTACCTGGA+	2	66	66	314929	347667	396	none
397	1	G	2	65	62	315037	347775	397	none
398	1	T	0	1	4	315037	347775	396	c2
399	211	CCAGGAAAGG+	2	66	66	315038	347776	399	none
400	1	A	1	65	16	315249	315249	399	c1
401	1	G	1	1	50	347987	347987	399	c2
402	116	CAGCAGCACC+	2	66	66	315250	347988	402	none
403	1	C	2	65	66	315366	348104	403	none
404	1	T	0	1	0	315366	348104	402	c1
405	109	GTGGGCATAA+	2	66	66	315367	348105	405	none
406	1	C	2	64	45	315476	348214	406	none
407	1	A	0	2	21	315476	348214	405	c2
408	73	TCGCCTGAGA+	2	66	66	315477	348215	408	none
409	1	C	1	65	9	315550	315550	408	c1
410	1	T	1	0	57	348288	348288	408	c2
411	1	G	0	1	0	315550	348288	408	c1
412	2	CT	2	66	66	315551	348289	412	none
413	1	G	1	66	9	315553	315553	412	c1
414	1	C	1	0	57	348291	348291	412	c2
415	7	TCCAGTG	2	66	66	315554	348292	415	none
416	1	T	1	66	9	315561	315561	415	c1
417	1	A	1	0	57	348299	348299	415	c2
418	2	TA	2	66	66	315562	348300	418	none
419	1	G	1	66	9	315564	315564	418	c1
420	1	C	1	0	57	348302	348302	418	c2
421	1	A	2	66	66	315565	348303	421	none
422	1	C	1	66	9	315566	315566	421	c1
423	1	T	1	0	57	348304	348304	421	c2
424	94	AGGAGCATGC+	2	66	66	315567	348305	424	none
425	1	C	2	66	65	315661	348399	425	none
426	1	T	0	0	1	315661	348399	424	c2
427	256	TCCCCTTACT+	2	66	66	315662	348400	427	none
428	1	A	1	54	12	315918	315918	427	c1
429	1	G	1	12	54	348656	348656	427	c2
430	87	CTCATTTTTG+	2	66	66	315919	348657	430	none
431	1	G	1	61	4	316006	316006	430	c1
432	1	C	1	5	62	348744	348744	430	c2
433	4	CCTG	2	66	66	316007	348745	433	none
434	1	T	1	61	4	316011	316011	433	c1
435	1	C	1	5	62	348749	348749	433	c2
436	8	GGACCTGC	2	66	66	316012	348750	436	none
437	2	TC	1	61	4	316020	316020	436	c1
438	2	GG	1	5	62	348758	348758	436	c2
439	59	GGTGTTGCCC+	2	66	66	316022	348760	439	none
440	1	C	1	61	19	316081	316081	439	c1
441	1	G	1	5	47	348819	348819	439	c2
442	3	GCT	2	66	66	316082	348820	442	none
443	1	C	1	61	19	316085	316085	442	c1
444	188	CTGGCAGTGA+	2	66	66	316086	348823	444	none
445	1	C	2	45	52	316274	349011	445	none
446	1	T	0	21	14	316274	349011	446	none
447	70	GTGGTCTCCC+	2	66	66	316275	349012	447	none
448	1	G	2	64	63	316345	349082	448	none
449	1	A	0	2	3	316345	349082	449	none
450	8	CCCACCCC	2	66	66	316346	349083	450	none
451	1	G	2	66	60	316354	349091	451	none
452	1	A	0	0	6	316354	349091	450	c2
453	120	GCTCCTCGCA+	2	66	66	316355	349092	453	none
454	1	T	1	5	0	316475	316475	453	c1
455	1	G	1	61	66	349212	349212	455	none
456	77	CGGCCTGGCT+	2	66	66	316476	349213	456	none
457	1	C	2	31	48	316553	349290	457	none
458	1	G	0	35	18	316553	349290	458	none
459	301	GGGGGTGGGT+	2	66	66	316554	349291	459	none
460	1	G	2	66	65	316855	349592	460	none
461	1	A	0	0	1	316855	349592	459	c2
462	6	TCCCCA	2	66	66	316856	349593	462	none
463	1	C	2	45	44	316862	349599	463	none
464	1	A	0	21	22	316862	349599	464	none
465	69	CCTCCCACCC+	2	66	66	316863	349600	465	none
466	1	T	1	5	0	316932	316932	465	c1
467	1	C	1	61	66	349669	349669	467	none
468	140	GTGACCTGGA+	2	66	66	316933	349670	468	none
469	1	A	1	66	64	317073	317073	469	none
470	1	G	1	0	2	349810	349810	468	c2
471	32	GGTGGGGCTG+	2	66	66	317074	349811	471	none
472	1	T	2	58	66	317106	349843	472	none
473	1	C	0	8	0	317106	349843	471	c1
474	346	TGGAGCCGCA+	2	66	66	317107	349844	474	none
475	1	C	2	66	64	317453	350190	475	none
476	1	T	0	0	2	317453	350190	474	c2
477	64	GAATCCCACT+	2	66	66	317454	350191	477	none
478	1	G	2	66	47	317518	350255	478	none
479	1	A	0	0	19	317518	350255	477	c2
480	149	CACCTCAGAC+	2	66	66	317519	350256	480	none
481	1	C	2	66	65	317668	350405	481	none
482	1	A	0	0	1	317668	350405	480	c2
483	433	TCCTCCTCTG+	2	66	66	317669	350406	483	none
484	1	C	2	63	61	318102	350839	484	none
485	1	T	0	3	5	318102	350839	485	none
486	87	GCCTGACGCC+	2	66	66	318103	350840	486	none
487	1	T	2	38	35	318190	350927	487	none
488	1	C	0	28	31	318190	350927	488	none
489	50	GTAGCCCAGG+	2	66	66	318191	350928	489	none
490	1	C	2	56	66	318241	350978	490	none
491	1	T	0	10	0	318241	350978	489	c1
492	178	ACATGTCCCA+	2	66	66	318242	350979	492	none
493	1	G	2	66	65	318420	351157	493	none
494	1	T	0	0	1	318420	351157	492	c2
495	56	CAGGGAGCCG+	2	66	66	318421	351158	495	none
496	1	G	2	66	62	318477	351214	496	none
497	1	C	0	0	4	318477	351214	495	c2
498	113	CAAACGAGGA+	2	66	66	318478	351215	498	none
499	1	C	2	66	65	318591	351328	499	none
500	1	T	0	0	1	318591	351328	498	c2
501	158	GCAGGAGGGA+	2	66	66	318592	351329	501	none
502	1	C	2	66	65	318750	351487	502	none
503	1	T	0	0	1	318750	351487	501	c2
504	14	GACAGCTCAC+	2	66	66	318751	351488	504	none
505	1	C	2	58	66	318765	351502	505	none
506	1	T	0	8	0	318765	351502	504	c1
507	73	TCCACAGGCG+	2	66	66	318766	351503	507	none
508	1	C	2	65	66	318839	351576	508	none
509	1	T	0	1	0	318839	351576	507	c1
510	444	GCCCTGCGTG+	2	66	66	318840	351577	510	none
511	1	T	2	63	63	319284	352021	511	none
512	1	C	0	3	3	319284	352021	512	none
513	220	ATTCAGCTTG+	2	66	66	319285	352022	513	none
514	1	G	2	65	64	319505	352242	514	none
515	1	A	0	1	2	319505	352242	515	none
516	94	GCTGGTCTTG+	2	66	66	319506	352243	516	none
517	1	A	2	66	64	319600	352337	517	none
518	1	G	0	0	2	319600	352337	516	c2
519	267	AAAAGTTTTG+	2	66	66	319601	352338	519	none
520	1	C	2	60	66	319868	352605	520	none
521	1	T	0	6	0	319868	352605	519	c1
522	101	GCGTGGGCAC+	2	66	66	319869	352606	522	none
523	1	T	2	46	50	319970	352707	523	none
524	1	G	0	20	16	319970	352707	524	none
525	403	GTATCCATGA+	2	66	66	319971	352708	525	none
526	2	AG	0	0	1	320374	353111	525	c2
527	149	CTCTGAGTAG+	2	66	66	320374	353111	527	none
528	1	C	2	63	66	320523	353260	528	none
529	1	T	0	3	0	320523	353260	527	c1
530	172	CCACCTCCCG+	2	66	66	320524	353261	530	none
531	1	G	2	63	66	320696	353433	531	none
532	1	A	0	3	0	320696	353433	530	c1
533	229	GGGTAGTGAG+	2	66	66	320697	353434	533	none
534	1	C	0	1	0	320926	353663	533	c1
535	185	CCCCCCCCAC+	2	66	66	320926	353663	535	none
536	1	C	2	26	18	321111	353848	536	none
537	1	T	0	40	48	321111	353848	537	none
538	110	GTTTTGGTCT+	2	66	66	321112	353849	538	none
539	1	C	2	65	66	321222	353959	539	none
540	1	G	0	1	0	321222	353959	538	c1
541	5	CTTCT	2	66	66	321223	353960	541	none
542	1	C	2	56	56	321228	353965	542	none
543	1	T	0	10	10	321228	353965	543	none
544	464	CTCACCCCCT+	2	66	66	321229	353966	544	none
545	1	G	2	61	60	321693	354430	545	none
546	1	A	0	5	6	321693	354430	546	none
547	72	GATGGGGCCA+	2	66	66	321694	354431	547	none
548	1	C	2	65	65	321766	354503	548	none
549	1	T	0	1	1	321766	354503	549	none
550	88	GCCACCTAGG+	2	66	66	321767	354504	550	none
551	1	G	2	62	66	321855	354592	551	none
552	1	T	0	4	0	321855	354592	550	c1
553	171	CCCCCTGCAG+	2	66	66	321856	354593	553	none
554	1	G	2	64	66	322027	354764	554	none
555	1	A	0	2	0	322027	354764	553	c1
556	104	CTGGGAGGAA+	2	66	66	322028	354765	556	none
557	1	A	2	65	64	322132	354869	557	none
558	1	G	0	1	2	322132	354869	558	none
559	17	AGTGTCAGTG+	2	66	66	322133	354870	559	none
560	1	T	2	10	9	322150	354887	560	none
561	1	C	0	56	57	322150	354887	561	none
562	45	GAAGTGTCAG+	2	66	66	322151	354888	562	none
563	1	C	2	65	66	322196	354933	563	none
564	1	T	0	1	0	322196	354933	562	c1
565	67	GATGCAGTTC+	2	66	66	322197	354934	565	none
566	1	G	2	57	65	322264	355001	566	none
567	150	TTCAGCTCTG+	2	66	66	322265	355002	567	none
568	1	C	2	66	64	322415	355152	568	none
569	1	T	0	0	2	322415	355152	567	c2
570	157	GGCTGTCGCC+	2	66	66	322416	355153	570	none
571	1	C	2	66	65	322573	355310	571	none
572	1	T	0	0	1	322573	355310	570	c2
573	1	G	2	64	64	322574	355311	573	none
574	1	A	0	2	2	322574	355311	574	none
575	21	GGCTGTTGAA+	2	66	66	322575	355312	575	none
576	1	G	2	66	65	322596	355333	576	none
577	1	T	0	0	1	322596	355333	575	c2
578	288	CTTGGTTCTG+	2	66	66	322597	355334	578	none
579	1	G	2	64	66	322885	355622	579	none
580	1	A	0	2	0	322885	355622	578	c1
581	2	CC	2	66	66	322886	355623	581	none
582	1	T	2	66	53	322888	355625	582	none
583	91	GCCATCCAGT+	2	66	66	322889	355626	583	none
584	1	C	2	66	63	322980	355717	584	none
585	1	T	0	0	3	322980	355717	583	c2
586	5	TCATC	2	66	66	322981	355718	586	none
587	1	G	2	64	66	322986	355723	587	none
588	1	A	0	2	0	322986	355723	586	c1
589	180	CTGGGGAGAC+	2	66	66	322987	355724	589	none
590	1	A	2	5	6	323167	355904	590	none
591	1	C	0	61	60	323167	355904	591	none
592	162	AAAGAGCAGG+	2	66	66	323168	355905	592	none
593	1	A	2	65	66	323330	356067	593	none
594	1	G	0	1	0	323330	356067	592	c1
595	56	GTAAGCACGT+	2	66	66	323331	356068	595	none
596	1	C	2	66	53	323387	356124	596	none
597	1	T	0	0	13	323387	356124	595	c2
598	136	GTAACTTTGA+	2	66	66	323388	356125	598	none
599	1	G	2	64	66	323524	356261	599	none
600	1	A	0	2	0	323524	356261	598	c1
601	27	GAGCCAGGGA+	2	66	66	323525	356262	601	none
602	1	C	1	5	2	323552	323552	602	none
603	1	A	1	61	64	356289	356289	603	none
604	85	TGGCCCGGTC+	2	66	66	323553	356290	604	none
605	1	C	2	65	66	323638	356375	605	none
606	1	T	0	1	0	323638	356375	604	c1
607	132	AGTCCTGATC+	2	66	66	323639	356376	607	none
608	1	G	2	45	66	323771	356508	608	none
609	1	C	0	21	0	323771	356508	607	c1
610	21	GTCTGGCACA+	2	66	66	323772	356509	610	none
611	1	G	0	7	0	323793	356530	610	c1
612	15	GGGGGGGAAG+	2	66	66	323793	356530	612	none
613	1	G	2	55	28	323808	356545	613	none
614	1	A	0	11	38	323808	356545	612	c2
615	61	GGCTGGGTCG+	2	66	66	323809	356546	615	none
616	1	G	2	66	43	323870	356607	616	none
617	1	T	0	0	23	323870	356607	615	c2
618	52	GCCACTCCTC+	2	66	66	323871	356608	618	none
619	1	T	1	65	0	323923	323923	618	c1
620	1	C	1	1	66	356660	356660	618	c2
621	35	CACAAAAGTG+	2	66	66	323924	356661	621	none
622	1	C	2	61	66	323959	356696	622	none
623	41	CCCCACCCCT+	2	66	66	323960	356697	623	none
624	1	C	2	66	64	324001	356738	624	none
625	1	G	0	0	2	324001	356738	623	c2
626	57	CTTGATCCTG+	2	66	66	324002	356739	626	none
627	1	G	1	64	0	324059	324059	626	c1
628	1	G	2	59	66	324060	356796	628	none
629	1	C	0	7	0	324060	324060	626	c1
630	160	GGGGGCATGC+	2	66	66	324061	356797	630	none
631	1	T	1	65	0	324221	324221	630	c1
632	1	C	1	1	66	356957	356957	630	c2
633	36	GCCCGTCTCC+	2	66	66	324222	356958	633	none
634	1	G	1	65	3	324258	324258	633	c1
635	1	A	1	1	63	356994	356994	633	c2
636	65	CTTTCTAAGA+	2	66	66	324259	356995	636	none
637	1	C	1	65	0	324324	324324	636	c1
638	1	T	1	1	66	357060	357060	636	c2
639	4	CTTA	2	66	66	324325	357061	639	none
640	1	C	1	65	0	324329	324329	639	c1
641	1	T	1	1	66	357065	357065	639	c2
642	5	TTTTT	2	66	66	324330	357066	642	none
643	1	G	1	65	0	324335	324335	642	c1
644	1	A	1	1	66	357071	357071	642	c2
645	133	TCTCAAACCA+	2	66	66	324336	357072	645	none
646	1	G	2	66	62	324469	357205	646	none
647	1	A	0	0	4	324469	357205	645	c2
648	67	TTGCATATAG+	2	66	66	324470	357206	648	none
649	1	A	2	65	66	324537	357273	649	none
650	1	G	0	1	0	324537	357273	648	c1
651	65	CATGCTATTA+	2	66	66	324538	357274	651	none
652	1	A	2	66	43	324603	357339	652	none
653	1	G	0	0	23	324603	357339	651	c2
654	14	GGAGGCACTA+	2	66	66	324604	357340	654	none
655	1	C	2	66	57	324618	357354	655	none
656	1	T	0	0	9	324618	357354	654	c2
657	63	AATCACACTG+	2	66	66	324619	357355	657	none
658	1	C	2	66	65	324682	357418	658	none
659	1	G	0	0	1	324682	357418	657	c2
660	23	TCTATCTGTA+	2	66	66	324683	357419	660	none
661	1	A	2	60	66	324706	357442	661	none
662	1	G	0	6	0	324706	357442	660	c1
663	2	AC	2	66	66	324707	357443	663	none
664	1	A	1	65	0	324709	324709	663	c1
665	106	AACCCACACA+	2	66	66	324710	357445	665	none
666	1	C	2	65	66	324816	357551	666	none
667	1	T	0	1	0	324816	357551	665	c1
668	30	GGTGGGGTGG+	2	66	66	324817	357552	668	none
669	1	C	1	60	1	324847	324847	668	c1
670	1	G	1	3	64	357582	357582	668	c2
671	1	T	0	3	1	324847	357582	671	none
672	11	GGGGCGGACA+	2	66	66	324848	357583	672	none
673	1	C	1	65	1	324859	324859	672	c1
674	1	C	1	65	0	324860	324860	672	c1
675	1	T	1	1	65	357594	357594	672	c2
676	1	A	1	1	66	357595	357595	672	c2
677	5	TTGCC	2	66	66	324861	357596	677	none
678	1	T	2	65	66	324866	357601	678	none
679	1	C	0	1	0	324866	357601	677	c1
680	3	GCA	2	66	66	324867	357602	680	none
681	1	C	2	64	66	324870	357605	681	none
682	1	A	1	1	66	357606	357606	681	c2
683	1	T	0	2	0	324870	357605	680	c1
684	1	G	1	65	0	324871	324871	681	c1
685	1	G	2	66	66	324872	357607	685	none
686	1	G	1	65	0	324873	324873	685	c1
687	1	T	1	1	66	357608	357608	685	c2
688	71	TGATGTGGAA+	2	66	66	324874	357609	688	none
689	1	C	1	65	0	324945	324945	688	c1
690	1	T	1	1	66	357680	357680	688	c2
691	10	GATGGGTGAT+	2	66	66	324946	357681	691	none
692	1	T	1	65	0	324956	324956	691	c1
693	1	C	1	1	66	357691	357691	691	c2
694	2	AA	2	66	66	324957	357692	694	none
695	1	T	1	65	0	324959	324959	694	c1
696	70	TTTTTTTGAA+	2	66	66	324960	357694	696	none
697	1	T	1	65	0	325030	325030	696	c1
698	1	C	1	1	66	357764	357764	696	c2
699	12	GGGTCGGTGG+	2	66	66	325031	357765	699	none
700	1	A	1	65	1	325043	325043	699	c1
701	1	G	1	1	65	357777	357777	699	c2
702	2	GG	2	66	66	325044	357778	702	none
703	1	C	1	65	1	325046	325046	702	c1
704	1	T	1	1	65	357780	357780	702	c2
705	6	ACCTGA	2	66	66	325047	357781	705	none
706	1	G	1	65	1	325053	325053	705	c1
707	1	A	1	1	65	357787	357787	705	c2
708	98	GGTGGGGTCA+	2	66	66	325054	357788	708	none
709	1	T	1	63	3	325152	325152	708	c1
710	1	C	1	3	63	357886	357886	708	c2
711	18	GCCATGCTGC+	2	66	66	325153	357887	711	none
712	3	CTG	2	66	60	325171	357905	712	none
713	73	CTGCTGCTGC+	2	66	66	325174	357908	713	none
714	1	T	1	62	0	325247	325247	713	c1
715	1	C	1	4	66	357981	357981	713	c2
716	25	GCCTCTTGCC+	2	66	66	325248	357982	716	none
717	1	C	2	65	11	325273	358007	716	c1
718	1	T	0	1	55	325273	358007	716	c2
719	19	TGCTGCAGCC+	2	66	66	325274	358008	719	none
720	1	C	2	65	24	325293	358027	720	none
721	1	A	0	1	42	325293	358027	719	c2
722	49	ATCTATCTGC+	2	66	66	325294	358028	722	none
723	1	A	2	61	66	325343	358077	723	none
724	1	T	0	5	0	325343	358077	722	c1
725	30	CCTTGGGCTG+	2	66	66	325344	358078	725	none
726	1	G	2	66	65	325374	358108	726	none
727	1	C	0	0	1	325374	358108	725	c2
728	34	CTCTGGCCCT+	2	66	66	325375	358109	728	none
729	1	C	2	66	64	325409	358143	729	none
730	1	T	0	0	2	325409	358143	728	c2
731	1	G	2	64	66	325410	358144	731	none
732	1	A	0	2	0	325410	358144	729	c1
733	142	GAGAGGGTCC+	2	66	66	325411	358145	733	none
734	1	C	2	45	17	325553	358287	734	none
735	1	T	0	21	49	325553	358287	735	none
736	23	GGGGGCATTT+	2	66	66	325554	358288	736	none
737	1	C	1	65	6	325577	325577	736	c1
738	1	A	1	1	60	358311	358311	736	c2
739	11	AAATTTTTTT+	2	66	66	325578	358312	739	none
740	3	TTG	1	65	0	325589	325589	739	c1
741	1	T	2	66	66	325592	358323	741	none
742	1	T	1	65	0	325593	325593	741	c1
743	1	A	1	1	66	358324	358324	741	c2
744	9	AGAGATGGG	2	66	66	325594	358325	744	none
745	1	G	1	65	0	325603	325603	744	c1
746	1	T	1	1	66	358334	358334	744	c2
747	10	TCTTGCTATG+	2	66	66	325604	358335	747	none
748	1	T	1	65	7	325614	325614	747	c1
749	1	C	1	1	59	358345	358345	747	c2
750	16	TGCCCAGGCT+	2	66	66	325615	358346	750	none
751	1	G	1	65	0	325631	325631	750	c1
752	1	A	1	1	66	358362	358362	750	c2
753	7	AATTCCT	2	66	66	325632	358363	753	none
754	1	G	1	65	0	325639	325639	753	c1
755	1	A	1	1	66	358370	358370	753	c2
756	7	GTCTCAA	2	66	66	325640	358371	756	none
757	1	G	1	65	0	325647	325647	756	c1
758	1	A	1	1	66	358378	358378	756	c2
759	15	TGATCCTCCC+	2	66	66	325648	358379	759	none
760	1	G	1	44	0	325663	325663	759	c1
761	1	A	1	22	66	358394	358394	761	none
762	10	GCCTCAAGTG+	2	66	66	325664	358395	762	none
763	1	G	1	65	0	325674	325674	762	c1
764	1	T	1	1	66	358405	358405	762	c2
765	1	G	2	66	65	325675	358406	765	none
766	1	C	0	0	1	358406	358406	762	c2
767	5	AGCCA	2	66	66	325676	358407	767	none
768	1	C	2	66	65	325681	358412	768	none
769	1	T	0	0	1	325681	358412	767	c2
770	3	CTT	2	66	66	325682	358413	770	none
771	2	CG	1	65	0	325685	325685	770	c1
772	1	T	1	1	66	358416	358416	770	c2
773	5	GGGGC	2	66	66	325687	358417	773	none
774	1	T	1	65	0	325692	325692	773	c1
775	1	A	1	1	66	358422	358422	773	c2
776	7	TCCCCAA	2	66	66	325693	358423	776	none
777	3	TCC	1	65	0	325700	325700	776	c1
778	8	TCCAGGTC	2	66	66	325703	358430	778	none
779	1	A	1	65	0	325711	325711	778	c1
780	1	C	1	1	66	358438	358438	778	c2
781	12	CTGGAAGCTC+	2	66	66	325712	358439	781	none
782	1	G	1	0	49	358451	358451	781	c2
783	13	GGGGGGCATA+	2	66	66	325724	358452	783	none
784	3	TCA	1	65	0	325737	325737	783	c1
785	3	GGT	1	1	66	358465	358465	783	c2
786	2	GG	2	66	66	325740	358468	786	none
787	1	A	1	65	0	325742	325742	786	c1
788	1	G	1	1	66	358470	358470	786	c2
789	2	GA	2	66	66	325743	358471	789	none
790	2	AG	1	65	0	325745	325745	789	c1
791	2	GA	1	1	66	358473	358473	789	c2
792	7	AAGCAGG	2	66	66	325747	358475	792	none
793	1	T	1	65	0	325754	325754	792	c1
794	1	G	1	1	66	358482	358482	792	c2
795	4	GTTG	2	66	66	325755	358483	795	none
796	1	A	1	65	2	325759	325759	795	c1
797	1	G	1	1	64	358487	358487	795	c2
798	6	GGAGGC	2	66	66	325760	358488	798	none
799	1	A	1	65	9	325766	325766	798	c1
800	1	C	1	1	47	358494	358494	798	c2
801	1	G	0	0	10	325766	358494	798	c2
802	18	GAAGAAGGTC+	2	66	66	325767	358495	802	none
803	1	G	1	65	1	325785	325785	802	c1
804	1	A	1	1	65	358513	358513	802	c2
805	3	GCT	2	66	66	325786	358514	805	none
806	1	T	1	65	1	325789	325789	805	c1
807	1	G	1	1	65	358517	358517	805	c2
808	4	CCTT	2	66	66	325790	358518	808	none
809	2	GG	1	65	1	325794	325794	808	c1
810	2	CA	1	1	65	358522	358522	808	c2
811	24	TCAGTTCCCA+	2	66	66	325796	358524	811	none
812	1	G	1	65	0	325820	325820	811	c1
813	1	C	1	0	17	358548	358548	811	c2
814	1	A	0	1	49	325820	358548	811	c2
815	27	CTCCTCCTGC+	2	66	66	325821	358549	815	none
816	1	A	1	65	7	325848	325848	815	c1
817	1	G	1	1	59	358576	358576	815	c2
818	9	GAACTACCC	2	66	66	325849	358577	818	none
819	1	G	2	66	65	325858	358586	819	none
820	1	A	0	0	1	325858	358586	818	c2
821	8	GACCTGTC	2	66	66	325859	358587	821	none
822	1	G	1	65	0	325867	325867	821	c1
823	1	C	1	1	66	358595	358595	821	c2
824	4	TTGG	2	66	66	325868	358596	824	none
825	8	GAGACTAC	1	1	66	358600	358600	824	c2
826	2	TC	2	66	66	325872	358608	826	none
827	1	T	1	65	0	325874	325874	826	c1
828	1	C	1	1	66	358610	358610	826	c2
829	28	CTGCTCTGGA+	2	66	66	325875	358611	829	none
830	1	C	2	66	65	325903	358639	830	none
831	1	T	0	0	1	325903	358639	829	c2
832	113	CCGCTCAGCC+	2	66	66	325904	358640	832	none
833	1	C	2	66	51	326017	358753	833	none
834	1	T	0	0	15	326017	358753	832	c2
835	1	G	2	59	65	326018	358754	835	none
836	1	A	0	7	1	326018	358754	833	c1
837	13	CCTCTCACAG+	2	66	66	326019	358755	837	none
838	1	C	0	1	0	326032	358768	837	c1
839	13	CCCCCGCCCT+	2	66	66	326032	358768	839	none
840	1	C	2	65	65	326045	358781	840	none
841	1	A	0	1	1	326045	358781	841	none
842	111	GCTGCACAGC+	2	66	66	326046	358782	842	none
843	1	A	1	65	0	326157	326157	842	c1
844	1	T	1	1	66	358893	358893	842	c2
845	104	CTGTTACCTC+	2	66	66	326158	358894	845	none
846	1	A	1	64	4	326262	326262	845	c1
847	1	C	1	2	62	358998	358998	845	c2
848	6	TCCTTT	2	66	66	326263	358999	848	none
849	1	C	1	65	2	326269	326269	848	c1
850	1	T	1	1	64	359005	359005	848	c2
851	9	CTGGCAGGA	2	66	66	326270	359006	851	none
852	1	G	1	65	2	326279	326279	851	c1
853	1	C	1	1	64	359015	359015	851	c2
854	44	GACAACTTAA+	2	66	66	326280	359016	854	none
855	1	A	2	66	64	326324	359060	855	none
856	1	T	0	0	2	326324	359060	854	c2
857	36	AAAACCTGGA+	2	66	66	326325	359061	857	none
858	1	G	2	59	66	326361	359097	858	none
859	1	A	0	7	0	326361	359097	857	c1
860	46	TGATTCCCTT+	2	66	66	326362	359098	860	none
861	1	G	2	52	66	326408	359144	861	none
862	1	A	0	14	0	326408	359144	860	c1
863	4	TTGT	2	66	66	326409	359145	863	none
864	1	A	2	6	66	326413	359149	863	c2
865	1	G	0	60	0	326413	359149	863	c1
866	61	GGGGAGAGGC+	2	66	66	326414	359150	866	none
867	1	C	2	65	66	326475	359211	867	none
868	1	T	0	1	0	326475	359211	866	c1
869	57	GCAGTTCTTC+	2	66	66	326476	359212	869	none
870	1	C	1	65	0	326533	326533	869	c1
871	1	T	1	1	66	359269	359269	869	c2
872	4	CACA	2	66	66	326534	359270	872	none
873	1	A	1	65	0	326538	326538	872	c1
874	1	T	1	1	66	359274	359274	872	c2
875	1	C	2	45	66	326539	359275	875	none
876	1	G	0	21	0	326539	326539	872	c1
877	1	G	2	66	66	326540	359276	877	none
878	1	A	1	65	0	326541	326541	877	c1
879	1	T	1	1	66	359277	359277	877	c2
880	5	GGAGA	2	66	66	326542	359278	880	none
881	1	A	1	65	0	326547	326547	880	c1
882	1	T	1	1	66	359283	359283	880	c2
883	30	GCAGCTGAGG+	2	66	66	326548	359284	883	none
884	2	GT	1	65	13	326578	326578	883	c1
885	2	AC	1	1	53	359314	359314	883	c2
886	135	GTGGACGGCC+	2	66	66	326580	359316	886	none
887	1	C	2	66	53	326715	359451	887	none
888	1	T	0	0	13	326715	359451	886	c2
889	21	GCTCCTTTCA+	2	66	66	326716	359452	889	none
890	1	A	2	64	66	326737	359473	890	none
891	6	GAGCCT	2	66	66	326738	359474	891	none
892	1	G	1	65	13	326744	326744	891	c1
893	1	C	1	1	53	359480	359480	891	c2
894	55	GTGGCAGGCC+	2	66	66	326745	359481	894	none
895	1	C	2	60	66	326800	359536	895	none
896	1	T	0	6	0	326800	359536	894	c1
897	2	GA	2	66	66	326801	359537	897	none
898	1	G	2	45	53	326803	359539	898	none
899	1	C	0	21	13	326803	359539	899	none
900	15	CATGGAAGAG+	2	66	66	326804	359540	900	none
901	1	T	2	54	66	326819	359555	901	none
902	1	C	0	12	0	326819	359555	900	c1
903	21	GGACAGCTCC+	2	66	66	326820	359556	903	none
904	1	T	1	32	0	326841	326841	903	c1
905	1	G	1	34	66	359577	359577	905	none
906	11	TGCACATGGC+	2	66	66	326842	359578	906	none
907	1	G	2	64	66	326853	359589	907	none
908	1	A	0	2	0	326853	359589	906	c1
909	60	CAGTGGACCT+	2	66	66	326854	359590	909	none
910	1	T	0	1	0	326914	359650	909	c1
911	1	T	1	63	0	326914	326914	909	c1
912	33	TTTTTTTGCT+	2	66	66	326915	359650	912	none
913	1	C	1	63	2	326948	326948	912	c1
914	1	G	1	3	64	359683	359683	912	c2
915	79	GGACAAGCAA+	2	66	66	326949	359684	915	none
916	1	G	2	66	64	327028	359763	916	none
917	1	A	0	0	2	327028	359763	915	c2
918	49	GGCTGTGCTT+	2	66	66	327029	359764	918	none
919	1	C	2	65	66	327078	359813	919	none
920	1	T	0	1	0	327078	359813	918	c1
921	74	GGCTGGAGGC+	2	66	66	327079	359814	921	none
922	1	T	1	40	0	327153	327153	921	c1
923	1	C	1	26	66	359888	359888	923	none
924	97	AGGAGGAGCT+	2	66	66	327154	359889	924	none
925	1	C	2	66	65	327251	359986	925	none
926	1	T	0	0	1	327251	359986	924	c2
927	15	GAGGTGCTGC+	2	66	66	327252	359987	927	none
928	1	T	1	15	0	327267	327267	927	c1
929	1	C	1	51	66	360002	360002	929	none
930	138	GGCCCGTTGT+	2	66	66	327268	360003	930	none
931	1	C	2	60	57	327406	360141	931	none
932	1	T	0	6	9	327406	360141	932	none
933	48	GGCTACGACA+	2	66	66	327407	360142	933	none
934	1	G	2	65	66	327455	360190	934	none
935	1	A	0	1	0	327455	360190	933	c1
936	4	CCCA	2	66	66	327456	360191	936	none
937	1	C	2	64	66	327460	360195	937	none
938	1	G	0	2	0	327460	360195	936	c1
939	68	CTGGATGAGA+	2	66	66	327461	360196	939	none
940	1	A	1	7	0	327529	327529	939	c1
941	1	G	1	59	66	360264	360264	941	none
942	11	TGAAAATGTG+	2	66	66	327530	360265	942	none
943	1	T	2	65	66	327541	360276	943	none
944	1	G	0	1	0	327541	360276	942	c1
945	37	GGAGGCTGGT+	2	66	66	327542	360277	945	none
946	1	C	2	65	63	327579	360314	946	none
947	1	T	0	1	3	327579	360314	947	none
948	86	CACCTGTCCA+	2	66	66	327580	360315	948	none
949	1	C	2	66	65	327666	360401	949	none
950	1	T	0	0	1	327666	360401	948	c2
951	150	TGGGCGAGCC+	2	66	66	327667	360402	951	none
952	1	G	2	66	61	327817	360552	952	none
953	1	T	0	0	5	327817	360552	951	c2
954	11	GCTGCAGCCC+	2	66	66	327818	360553	954	none
955	1	G	2	62	66	327829	360564	955	none
956	1	C	0	4	0	327829	360564	954	c1
957	1	G	2	64	66	327830	360565	957	none
958	20	GGGATGGGGG+	2	66	66	327831	360566	958	none
959	1	A	1	18	8	327851	327851	959	none
960	1	G	1	48	58	360586	360586	960	none
961	7	GGCCAGA	2	66	66	327852	360587	961	none
962	1	A	1	22	7	327859	327859	961	c1
963	1	G	1	44	59	360594	360594	963	none
964	58	CCAGTGATGG+	2	66	66	327860	360595	964	none
965	1	C	2	43	46	327918	360653	965	none
966	1	T	0	23	20	327918	360653	966	none
967	7	GTACGAA	2	66	66	327919	360654	967	none
968	1	C	2	65	66	327926	360661	968	none
969	1	G	0	1	0	327926	360661	967	c1
970	27	CCCTCCCCTC+	2	66	66	327927	360662	970	none
971	1	G	2	65	66	327954	360689	971	none
972	1	A	0	1	0	327954	360689	970	c1
973	4	CTGC	2	66	66	327955	360690	973	none
974	1	G	2	66	64	327959	360694	974	none
975	1	A	0	0	2	327959	360694	973	c2
976	48	AGATCGCTGG+	2	66	66	327960	360695	976	none
977	1	C	2	64	66	328008	360743	977	none
978	1	T	0	2	0	328008	360743	976	c1
979	33	CTGGCTCTTC+	2	66	66	328009	360744	979	none
980	1	C	2	66	63	328042	360777	980	none
981	1	T	0	0	3	328042	360777	979	c2
982	191	GGCAGTCATA+	2	66	66	328043	360778	982	none
983	1	C	1	64	14	328234	328234	982	c1
984	1	T	1	2	52	360969	360969	982	c2
985	4	TCCC	2	66	66	328235	360970	985	none
986	1	G	2	44	58	328239	360974	986	none
987	1	A	0	22	8	328239	360974	987	none
988	16	TTCCCCTTAA+	2	66	66	328240	360975	988	none
989	1	G	1	65	9	328256	328256	988	c1
990	1	A	1	1	57	360991	360991	988	c2
991	5	GCTCC	2	66	66	328257	360992	991	none
992	1	C	2	56	66	328262	360997	992	none
993	1	G	0	10	0	328262	360997	991	c1
994	43	AGCACTCAAC+	2	66	66	328263	360998	994	none
995	1	T	1	64	8	328306	328306	994	c1
996	1	C	1	2	58	361041	361041	994	c2
997	2	GC	2	66	66	328307	361042	997	none
998	1	C	1	64	8	328309	328309	997	c1
999	1	T	1	2	58	361044	361044	997	c2
1000	20	GCAGAGGATT+	2	66	66	328310	361045	1000	none
1001	1	C	1	64	6	328330	328330	1000	c1
1002	1	T	1	2	60	361065	361065	1000	c2
1003	9	CTGAGCTGG	2	66	66	328331	361066	1003	none
1004	1	T	1	64	6	328340	328340	1003	c1
1005	1	C	1	2	60	361075	361075	1003	c2
1006	21	CCTTTCCAGC+	2	66	66	328341	361076	1006	none
1007	1	C	2	66	64	328362	361097	1007	none
1008	1	T	0	0	2	328362	361097	1006	c2
1009	48	TCCAGCTCCC+	2	66	66	328363	361098	1009	none
1010	1	G	1	45	14	328411	328411	1009	c1
1011	1	A	1	21	52	361146	361146	1011	none
1012	30	CTCAGTCCCT+	2	66	66	328412	361147	1012	none
1013	1	T	2	61	66	328442	361177	1013	none
1014	1	C	0	5	0	328442	361177	1012	c1
1015	80	GAAACCTAGG+	2	66	66	328443	361178	1015	none
1016	1	C	2	61	66	328523	361258	1016	none
1017	1	T	0	5	0	328523	361258	1015	c1
1018	20	GTAGAGCCCG+	2	66	66	328524	361259	1018	none
1019	1	C	2	65	66	328544	361279	1019	none
1020	1	T	0	1	0	328544	361279	1018	c1
1021	44	GTAGTGGCAG+	2	66	66	328545	361280	1021	none
1022	1	C	2	33	66	328589	361324	1022	none
1023	1	T	0	33	0	328589	361324	1021	c1
1024	16	GCAGGAGATG+	2	66	66	328590	361325	1024	none
1025	1	C	2	12	66	328606	361341	1024	c2
1026	1	T	0	54	0	328606	361341	1024	c1
1027	9	TGTTGGGGT	2	66	66	328607	361342	1027	none
1028	1	C	2	14	66	328616	361351	1027	c2
1029	1	T	0	52	0	328616	361351	1027	c1
1030	7	CCGATCA	2	66	66	328617	361352	1030	none
1031	1	C	2	66	65	328624	361359	1031	none
1032	1	T	0	0	1	328624	361359	1030	c2
1033	168	GGGCAGAGAA+	2	66	66	328625	361360	1033	none
1034	1	C	2	64	66	328793	361528	1034	none
1035	1	T	0	2	0	328793	361528	1033	c1
1036	40	GAGTCTACGT+	2	66	66	328794	361529	1036	none
1037	1	C	2	64	66	328834	361569	1037	none
1038	1	T	0	2	0	328834	361569	1036	c1
1039	1	G	2	66	65	328835	361570	1039	none
1040	1	A	0	0	1	328835	361570	1037	c2
1041	19	TCCCCAGCCC+	2	66	66	328836	361571	1041	none
1042	1	C	2	64	66	328855	361590	1042	none
1043	1	T	0	2	0	328855	361590	1041	c1
1044	1	G	2	66	66	328856	361591	1044	none
1045	1	C	2	60	66	328857	361592	1045	none
1046	1	T	0	6	0	328857	361592	1044	c1
1047	62	GCATGGAGTA+	2	66	66	328858	361593	1047	none
1048	1	C	2	55	66	328920	361655	1048	none
1049	1	T	0	11	0	328920	361655	1047	c1
1050	50	GTGCCCTCAT+	2	66	66	328921	361656	1050	none
1051	1	G	2	11	64	328971	361706	1050	c2
1052	1	C	0	55	2	328971	361706	1050	c1
1053	109	TTCCCCAGTC+	2	66	66	328972	361707	1053	none
1054	1	C	2	6	66	329081	361816	1053	c2
1055	1	T	0	60	0	329081	361816	1053	c1
1056	62	GGCGCTGGAA+	2	66	66	329082	361817	1056	none
1057	1	C	1	65	10	329144	329144	1056	c1
1058	1	A	1	1	56	361879	361879	1056	c2
1059	3	CCC	2	66	66	329145	361880	1059	none
1060	1	T	1	65	10	329148	329148	1059	c1
1061	34	TGCCCTGCAC+	2	66	66	329149	361883	1061	none
1062	1	C	2	53	64	329183	361917	1062	none
1063	1	T	0	13	2	329183	361917	1061	c1
1064	34	CCACCAGCCA+	2	66	66	329184	361918	1064	none
1065	1	C	1	35	0	329218	329218	1064	c1
1066	1	G	1	31	66	361952	361952	1066	none
1067	9	CAAAACACG	2	66	66	329219	361953	1067	none
1068	1	T	2	66	59	329228	361962	1068	none
1069	1	A	0	0	7	329228	361962	1067	c2
1070	9	TCAGGGGCC	2	66	66	329229	361963	1070	none
1071	1	G	2	59	66	329238	361972	1071	none
1072	1	A	0	7	0	329238	361972	1070	c1
1073	3	CTC	2	66	66	329239	361973	1073	none
1074	1	C	1	42	2	329242	329242	1073	c1
1075	1	G	1	24	64	361976	361976	1075	none
1076	12	CGGTTGCCGT+	2	66	66	329243	361977	1076	none
1077	1	A	2	66	65	329255	361989	1077	none
1078	1	T	0	0	1	329255	361989	1076	c2
1079	75	GGAAGATGGT+	2	66	66	329256	361990	1079	none
1080	1	G	2	63	66	329331	362065	1080	none
1081	1	A	0	2	0	329331	362065	1079	c1
1082	1	T	0	1	0	329331	362065	1079	c1
1083	85	CAGCCCACCT+	2	66	66	329332	362066	1083	none
1084	1	C	2	66	65	329417	362151	1084	none
1085	1	T	0	0	1	329417	362151	1083	c2
1086	3	GTG	2	66	66	329418	362152	1086	none
1087	1	C	2	66	65	329421	362155	1087	none
1088	1	T	0	0	1	329421	362155	1086	c2
1089	57	GTCCAGGTAC+	2	66	66	329422	362156	1089	none
1090	1	A	2	65	58	329479	362213	1090	none
1091	1	G	0	1	8	329479	362213	1089	c2
1092	48	TGGCCTGGAG+	2	66	66	329480	362214	1092	none
1093	1	G	2	45	66	329528	362262	1093	none
1094	1	T	0	21	0	329528	362262	1092	c1
1095	52	CTGGTGAGAT+	2	66	66	329529	362263	1095	none
1096	1	G	2	66	65	329581	362315	1096	none
1097	1	C	0	0	1	329581	362315	1095	c2
1098	96	GGGGGTCAGG+	2	66	66	329582	362316	1098	none
1099	1	G	2	64	64	329678	362412	1099	none
1100	1	C	0	2	2	329678	362412	1100	none
1101	9	GGCACCTGG	2	66	66	329679	362413	1101	none
1102	1	T	2	45	49	329688	362422	1102	none
1103	1	G	0	21	17	329688	362422	1103	none
1104	117	TCTGTCCACC+	2	66	66	329689	362423	1104	none
1105	1	C	2	66	64	329806	362540	1105	none
1106	1	T	0	0	2	329806	362540	1104	c2
1107	142	CTCTAGCCCT+	2	66	66	329807	362541	1107	none
1108	1	C	0	0	1	329949	362683	1107	c2
1109	211	CCCCGCAGGC+	2	66	66	329949	362683	1109	none
1110	1	G	2	52	38	330160	362894	1110	none
1111	1	C	0	14	28	330160	362894	1111	none
1112	30	CCTGCTCACC+	2	66	66	330161	362895	1112	none
1113	1	C	2	61	35	330191	362925	1113	none
1114	1	T	0	5	31	330191	362925	1112	c2
1115	12	GTCATAGGTG+	2	66	66	330192	362926	1115	none
1116	1	C	2	62	37	330204	362938	1116	none
1117	1	T	0	4	29	330204	362938	1115	c2
1118	47	ACAGGATTCT+	2	66	66	330205	362939	1118	none
1119	1	C	2	65	66	330252	362986	1119	none
1120	1	T	0	1	0	330252	362986	1118	c1
1121	19	AAGTTCAGTG+	2	66	66	330253	362987	1121	none
1122	2	GT	2	66	58	330272	363006	1122	none
1123	2	TC	0	0	8	330272	363006	1121	c2
1124	40	GTGGGACCGT+	2	66	66	330274	363008	1124	none
1125	1	A	2	54	32	330314	363048	1125	none
1126	1	G	0	12	34	330314	363048	1126	none
1127	9	GGGTCCCCG	2	66	66	330315	363049	1127	none
1128	1	C	2	66	65	330324	363058	1128	none
1129	1	T	0	5	17	330325	363059	1128	c2
1130	1	T	0	0	1	330324	363058	1127	c2
1131	1	G	2	61	49	330325	363059	1131	none
1132	51	GCTCTCTCTA+	2	66	66	330326	363060	1132	none
1133	1	C	2	62	63	330377	363111	1133	none
1134	1	T	0	4	3	330377	363111	1134	none
1135	46	GGAGCCTCCA+	2	66	66	330378	363112	1135	none
1136	1	C	2	61	66	330424	363158	1136	none
1137	1	G	0	5	0	330424	363158	1135	c1
1138	1	C	2	66	66	330425	363159	1138	none
1139	1	C	2	66	62	330426	363160	1139	none
1140	1	G	0	0	4	330426	363160	1138	c2
1141	9	ACCCATGCC	2	66	66	330427	363161	1141	none
1142	1	G	2	17	66	330436	363170	1141	c2
1143	1	A	0	49	0	330436	363170	1141	c1
1144	8	TTTTCTTG	2	66	66	330437	363171	1144	none
1145	1	A	1	62	0	330445	330445	1144	c1
1146	1	G	1	4	66	363179	363179	1144	c2
1147	6	CTCCCA	2	66	66	330446	363180	1147	none
1148	120	CCTCTTGCCC+	1	2	66	363186	363186	1147	c2
1149	23	CCTGGAGTTT+	2	66	66	330452	363306	1149	none
1150	1	C	1	60	1	330475	330475	1149	c1
1151	1	T	1	6	65	363329	363329	1149	c2
1152	4	GGCC	2	66	66	330476	363330	1152	none
1153	1	G	1	61	17	330480	330480	1152	c1
1154	1	A	1	5	49	363334	363334	1152	c2
1155	33	TCCACCTGCA+	2	66	66	330481	363335	1155	none
1156	1	G	1	58	0	330514	330514	1155	c1
1157	1	A	1	8	66	363368	363368	1155	c2
1158	34	TTGGGGATCG+	2	66	66	330515	363369	1158	none
1159	1	C	2	66	65	330549	363403	1159	none
1160	1	A	1	3	23	363404	363404	1159	c2
1161	1	T	0	0	1	330549	363403	1158	c2
1162	1	G	1	63	43	330550	330550	1162	none
1163	239	GCTGGAGGGT+	2	66	66	330551	363405	1163	none
1164	1	C	1	32	25	330790	330790	1164	none
1165	1	T	1	34	41	363644	363644	1165	none
1166	6	CTCCCT	2	66	66	330791	363645	1166	none
1167	1	G	1	54	38	330797	330797	1167	none
1168	1	A	1	12	28	363651	363651	1168	none
1169	73	CGAGTCCCCC+	2	66	66	330798	363652	1169	none
1170	1	G	2	65	66	330871	363725	1170	none
1171	1	A	0	1	0	330871	363725	1169	c1
1172	45	CTCTGCAGAT+	2	66	66	330872	363726	1172	none
1173	1	C	2	65	66	330917	363771	1173	none
1174	1	T	0	1	0	330917	363771	1172	c1
1175	37	GCTGGCTGAG+	2	66	66	330918	363772	1175	none
1176	1	A	2	65	55	330955	363809	1176	none
1177	1	G	0	1	11	330955	363809	1175	c2
1178	126	GACCCCCACT+	2	66	66	330956	363810	1178	none
1179	1	G	2	64	66	331082	363936	1179	none
1180	1	A	0	2	0	331082	363936	1178	c1
1181	7	GAACGCA	2	66	66	331083	363937	1181	none
1182	1	G	2	65	66	331090	363944	1182	none
1183	1	A	0	1	0	331090	363944	1181	c1
1184	5	GTCCC	2	66	66	331091	363945	1184	none
1185	1	G	2	66	65	331096	363950	1185	none
1186	1	A	0	0	1	331096	363950	1184	c2
1187	18	GAGCACGGCC+	2	66	66	331097	363951	1187	none
1188	1	C	2	54	59	331115	363969	1188	none
1189	1	T	0	12	7	331115	363969	1189	none
1190	36	GTCCCCGGCA+	2	66	66	331116	363970	1190	none
1191	1	C	2	61	66	331152	364006	1191	none
1192	1	T	0	5	0	331152	364006	1190	c1
1193	16	GCGGATGCGG+	2	66	66	331153	364007	1193	none
1194	1	A	2	65	60	331169	364023	1194	none
1195	1	T	0	1	6	331169	364023	1193	c2
1196	25	GTGCTTGGTG+	2	66	66	331170	364024	1196	none
1197	1	G	2	62	66	331195	364049	1197	none
1198	1	C	0	4	0	331195	364049	1196	c1
1199	65	GAGCAGGAAG+	2	66	66	331196	364050	1199	none
1200	1	C	2	61	66	331261	364115	1200	none
1201	1	T	0	5	0	331261	364115	1199	c1
1202	35	GTCAGTCACA+	2	66	66	331262	364116	1202	none
1203	1	A	2	66	65	331297	364151	1203	none
1204	1	C	0	0	1	331297	364151	1202	c2
1205	95	CTCCTCTGAG+	2	66	66	331298	364152	1205	none
1206	1	G	2	65	65	331393	364247	1206	none
1207	1	A	0	1	1	331393	364247	1207	none
1208	29	CACGTCCCTT+	2	66	66	331394	364248	1208	none
1209	1	C	2	29	55	331423	364277	1209	none
1210	1	T	0	37	11	331423	364277	1208	c1
1211	45	GTTTCTCTAT+	2	66	66	331424	364278	1211	none
1212	1	G	2	64	66	331469	364323	1212	none
1213	1	T	0	2	0	331469	364323	1211	c1
1214	121	TGGGGCAGAG+	2	66	66	331470	364324	1214	none
1215	1	G	2	51	66	331591	364445	1215	none
1216	1	A	0	15	0	331591	364445	1214	c1
1217	61	CTAGAGGCCG+	2	66	66	331592	364446	1217	none
1218	1	C	2	66	65	331653	364507	1218	none
1219	1	T	0	0	1	331653	364507	1217	c2
1220	36	TTCCCTTCAT+	2	66	66	331654	364508	1220	none
1221	1	C	1	4	0	331690	331690	1220	c1
1222	1	G	1	62	66	364544	364544	1222	none
1223	42	GGGTGCTGGG+	2	66	66	331691	364545	1223	none
1224	1	C	2	66	64	331733	364587	1224	none
1225	1	T	0	0	2	331733	364587	1223	c2
1226	30	GCCGTCCACG+	2	66	66	331734	364588	1226	none
1227	1	A	1	5	0	331764	331764	1226	c1
1228	1	G	1	61	66	364618	364618	1228	none
1229	58	TTCGTGTCCT+	2	66	66	331765	364619	1229	none
1230	1	A	2	44	66	331823	364677	1230	none
1231	1	G	0	22	0	331823	364677	1229	c1
1232	49	GAGGCGCATG+	2	66	66	331824	364678	1232	none
1233	1	C	2	65	66	331873	364727	1233	none
1234	1	T	0	1	0	331873	364727	1232	c1
1235	91	GGGGCTCTTC+	2	66	66	331874	364728	1235	none
1236	1	A	2	66	65	331965	364819	1236	none
1237	1	G	0	0	1	331965	364819	1235	c2
1238	229	TCTGAGTGAG+	2	66	66	331966	364820	1238	none
1239	1	C	2	66	65	332195	365049	1239	none
1240	1	T	0	0	1	332195	365049	1238	c2
1241	97	GGGATACATT+	2	66	66	332196	365050	1241	none
1242	1	C	2	66	65	332293	365147	1242	none
1243	1	T	0	0	1	332293	365147	1241	c2
1244	42	GTGCCGTGGT+	2	66	66	332294	365148	1244	none
1245	1	T	2	64	51	332336	365190	1245	none
1246	1	C	0	2	15	332336	365190	1244	c2
1247	53	GGAAGAGGAG+	2	66	66	332337	365191	1247	none
1248	1	C	2	66	64	332390	365244	1248	none
1249	1	T	0	0	2	332390	365244	1247	c2
1250	72	GCTCATTTTG+	2	66	66	332391	365245	1250	none
1251	1	A	1	42	0	332463	332463	1250	c1
1252	1	G	1	24	66	365317	365317	1252	none
1253	12	CTATCTGGAC+	2	66	66	332464	365318	1253	none
1254	1	G	2	66	65	332476	365330	1254	none
1255	1	T	0	0	1	332476	365330	1253	c2
1256	49	GCCACCCTTC+	2	66	66	332477	365331	1256	none
1257	1	C	1	66	7	332526	332526	1256	c1
1258	1	T	1	0	59	365380	365380	1256	c2
1259	67	GGCAGTGACG+	2	66	66	332527	365381	1259	none
1260	1	T	2	66	64	332594	365448	1260	none
1261	1	A	0	0	2	332594	365448	1259	c2
1262	74	GGCCTGGCTC+	2	66	66	332595	365449	1262	none
1263	1	C	1	66	0	332669	332669	1262	c1
1264	1	G	1	0	66	365523	365523	1262	c2
1265	10	ACAGGCCAGG+	2	66	66	332670	365524	1265	none
1266	1	T	1	66	0	332680	332680	1265	c1
1267	1	G	1	0	66	365534	365534	1265	c2
1268	1	C	2	66	66	332681	365535	1268	none
1269	1	A	1	66	0	332682	332682	1268	c1
1270	1	G	1	0	66	365536	365536	1268	c2
1271	44	CCCCACTCCG+	2	66	66	332683	365537	1271	none
1272	1	A	1	66	0	332727	332727	1271	c1
1273	1	C	1	0	66	365581	365581	1271	c2
1274	13	CCAAATGCAC+	2	66	66	332728	365582	1271	cyc_r
1275	1	G	1	0	65	365595	365595	1271	c2
1276	1	T	0	65	0	332741	365595	1271	c1
1277	1	A	1	65	65	365596	365596	1277	none
1278	1	A	1	0	29	365597	365597	1277	c2
1279	299997	ACCCACACAA+	1	0	0	365598	365598	1279	ref
